time,pattern,strategy,traffic,active_replicas,p90_latency,p99_latency,cpu_usage,cpu_usage_sum
0.0,ramp-up,CILB,20,0,229.5454706086897,229.5454706086897,"[0, 0, 0, 0, 0, 0, 0, 0, 0, 4.007621034941172]",4.007621034941172
0.25,ramp-up,CILB,4,0,230.48245651753297,230.48245651753297,"[0, 0, 0, 0, 0, 0, 0, 0, 0, 4.73515965500913]",4.73515965500913
0.5,ramp-up,CILB,2,1,264.6039682181482,264.6039682181482,"[0, 0, 0, 0, 0, 0, 0, 0, 0, 5.145355338345377]",5.145355338345377
0.75,ramp-up,CILB,11,1,228.17638530759788,228.17638530759788,"[0, 0, 0, 0, 0, 0, 0, 0, 0, 7.3111057237372385]",7.3111057237372385
1.0,ramp-up,CILB,12,1,274.80606901200485,274.80606901200485,"[0, 0, 0, 0, 0, 0, 0, 0, 0, 9.654282981260376]",9.654282981260376
1.25,ramp-up,CILB,13,1,273.5539188806809,273.5539188806809,"[0, 0, 0, 0, 0, 0, 0, 0, 0, 12.269422440711928]",12.269422440711928
1.5,ramp-up,CILB,11,1,225.574051097141,225.574051097141,"[0, 0, 0, 0, 0, 0, 0, 0, 0, 14.628165509695107]",14.628165509695107
1.75,ramp-up,CILB,11,1,259.08551845132877,259.08551845132877,"[0, 0, 0, 0, 0, 0, 0, 0, 0, 16.92528311021359]",16.92528311021359
2.0,ramp-up,CILB,27,1,238.34125949762716,238.34125949762716,"[0, 0, 0, 0, 0, 0, 0, 0, 0, 22.365211067055093]",22.365211067055093
2.25,ramp-up,CILB,13,1,230.57760867979383,230.57760867979383,"[0, 0, 0, 0, 0, 0, 0, 0, 0, 25.03851120231659]",25.03851120231659
2.5,ramp-up,CILB,30,1,247.68618531646032,247.68618531646032,"[0, 0, 0, 0, 0, 0, 0, 0, 0, 30.960229503119518]",30.960229503119518
2.75,ramp-up,CILB,26,1,268.7926470189097,268.7926470189097,"[0, 0, 0, 0, 0, 0, 0, 0, 0, 36.63219806774144]",36.63219806774144
3.0,ramp-up,CILB,16,1,250.02930565251492,250.02930565251492,"[0, 0, 0, 0, 0, 0, 0, 0, 0, 39.68076706022214]",39.68076706022214
3.25,ramp-up,CILB,16,1,270.6313919672411,270.6313919672411,"[0, 0, 0, 0, 0, 0, 0, 0, 0, 42.67510426376142]",42.67510426376142
3.5,ramp-up,CILB,19,1,239.92223957243166,239.92223957243166,"[0, 0, 0, 0, 0, 0, 0, 0, 0, 46.75669837683736]",46.75669837683736
3.75,ramp-up,CILB,24,1,255.44851057190866,255.44851057190866,"[0, 0, 0, 0, 0, 0, 0, 0, 0, 51.69008989190873]",51.69008989190873
4.0,ramp-up,CILB,27,2,263.1255400037576,263.1255400037576,"[0, 0, 0, 0, 0, 0, 0, 0, 5.025066410033606, 51.69008989190873]",56.71515630194233
4.25,ramp-up,CILB,37,2,263.9313239315279,263.9313239315279,"[0, 0, 0, 0, 0, 0, 0, 0, 12.483347374610652, 51.69008989190873]",64.17343726651939
4.5,ramp-up,CILB,41,2,225.02859480639717,225.02859480639717,"[0, 0, 0, 0, 0, 0, 0, 0, 20.733127397010747, 51.69008989190873]",72.42321728891947
4.75,ramp-up,CILB,23,2,225.9738371192916,225.9738371192916,"[0, 0, 0, 0, 0, 0, 0, 0, 25.171350969455048, 51.69008989190873]",76.86144086136377
5.0,ramp-up,CILB,42,2,268.93609389115926,268.93609389115926,"[0, 0, 0, 0, 0, 0, 0, 0, 34.29223664477961, 51.69008989190873]",85.98232653668833
5.25,ramp-up,CILB,32,2,240.37570627013307,240.37570627013307,"[0, 0, 0, 0, 0, 0, 0, 0, 41.116768522361916, 51.69008989190873]",92.80685841427064
5.5,ramp-up,CILB,47,2,268.90047996020206,268.90047996020206,"[0, 0, 0, 0, 0, 0, 0, 0, 49.68566783537099, 51.69008989190873]",101.37575772727972
5.75,ramp-up,CILB,45,2,229.28267260339393,229.28267260339393,"[0, 0, 0, 0, 0, 0, 0, 0, 59.49017683690738, 51.69008989190873]",111.18026672881611
6.0,ramp-up,CILB,43,3,228.46062592341917,228.46062592341917,"[0, 0, 0, 0, 0, 0, 0, 8.575903596904576, 59.49017683690738, 51.69008989190873]",119.75617032572069
6.25,ramp-up,CILB,38,3,263.2917214653494,263.2917214653494,"[0, 0, 0, 0, 0, 0, 0, 16.572018888095567, 59.49017683690738, 51.69008989190873]",127.75228561691168
6.5,ramp-up,CILB,46,3,248.76411890493657,248.76411890493657,"[0, 0, 0, 0, 0, 0, 0, 25.088259182775133, 59.49017683690738, 51.69008989190873]",136.26852591159124
6.75,ramp-up,CILB,51,3,238.25283144700296,238.25283144700296,"[0, 0, 0, 0, 0, 0, 0, 35.38985851350482, 59.49017683690738, 51.69008989190873]",146.57012524232093
7.0,ramp-up,CILB,43,3,246.15689701004436,246.15689701004436,"[0, 0, 0, 0, 0, 0, 0, 44.63044334417146, 59.49017683690738, 51.69008989190873]",155.81071007298758
7.25,ramp-up,CILB,36,3,251.96480443897295,251.96480443897295,"[0, 0, 0, 0, 0, 0, 0, 51.41543276000806, 59.49017683690738, 51.69008989190873]",162.59569948882415
7.5,ramp-up,CILB,42,4,235.05755316948478,235.05755316948478,"[0, 0, 0, 0, 0, 0, 8.78628419607116, 51.41543276000806, 59.49017683690738, 51.69008989190873]",171.38198368489532
7.75,ramp-up,CILB,51,4,274.75746783304476,274.75746783304476,"[0, 0, 0, 0, 0, 0, 18.602185430324987, 51.41543276000806, 59.49017683690738, 51.69008989190873]",181.19788491914915
8.0,ramp-up,CILB,50,4,246.9050041957252,246.9050041957252,"[0, 0, 0, 0, 0, 0, 28.901941545603894, 51.41543276000806, 59.49017683690738, 51.69008989190873]",191.49764103442806
8.25,ramp-up,CILB,49,4,231.05020979341327,231.05020979341327,"[0, 0, 0, 0, 0, 0, 38.73639019403365, 51.41543276000806, 59.49017683690738, 51.69008989190873]",201.33208968285783
8.5,ramp-up,CILB,46,4,241.9042781073728,241.9042781073728,"[0, 0, 0, 0, 0, 0, 47.42983329417172, 51.41543276000806, 59.49017683690738, 51.69008989190873]",210.0255327829959
8.75,ramp-up,CILB,49,4,236.50573662982885,236.50573662982885,"[0, 0, 0, 0, 0, 0, 57.4029183823479, 51.41543276000806, 59.49017683690738, 51.69008989190873]",219.99861787117206
9.0,ramp-up,CILB,55,5,228.54965430045164,228.54965430045164,"[0, 0, 0, 0, 0, 10.384478245793431, 57.4029183823479, 51.41543276000806, 59.49017683690738, 51.69008989190873]",230.3830961169655
9.25,ramp-up,CILB,49,5,236.44708919055773,236.44708919055773,"[0, 0, 0, 0, 0, 20.441440042042828, 57.4029183823479, 51.41543276000806, 59.49017683690738, 51.69008989190873]",240.4400579132149
9.5,ramp-up,CILB,49,5,267.9817700126874,267.9817700126874,"[0, 0, 0, 0, 0, 31.03606326753484, 57.4029183823479, 51.41543276000806, 59.49017683690738, 51.69008989190873]",251.0346811387069
9.75,ramp-up,CILB,60,5,236.90023171844976,236.90023171844976,"[0, 0, 0, 0, 0, 42.00612090726761, 57.4029183823479, 51.41543276000806, 59.49017683690738, 51.69008989190873]",262.0047387784397
10.0,ramp-up,CILB,53,5,235.71184036852193,235.71184036852193,"[0, 0, 0, 0, 0, 52.964353797255725, 57.4029183823479, 51.41543276000806, 59.49017683690738, 51.69008989190873]",272.96297166842777
10.25,ramp-up,CILB,62,6,271.77571202903357,271.77571202903357,"[0, 0, 0, 0, 11.488133384838061, 52.964353797255725, 57.4029183823479, 51.41543276000806, 59.49017683690738, 51.69008989190873]",284.45110505326585
10.5,ramp-up,CILB,63,6,248.63355131558973,248.63355131558973,"[0, 0, 0, 0, 24.267161980017782, 52.964353797255725, 57.4029183823479, 51.41543276000806, 59.49017683690738, 51.69008989190873]",297.2301336484456
10.75,ramp-up,CILB,72,6,265.3748498883322,265.3748498883322,"[0, 0, 0, 0, 39.48686592197515, 52.964353797255725, 57.4029183823479, 51.41543276000806, 59.49017683690738, 51.69008989190873]",312.4498375904029
11.0,ramp-up,CILB,63,6,229.84654071144118,229.84654071144118,"[0, 0, 0, 0, 51.306698906167085, 52.964353797255725, 57.4029183823479, 51.41543276000806, 59.49017683690738, 51.69008989190873]",324.2696705745949
11.25,ramp-up,CILB,57,7,246.17893115099605,246.17893115099605,"[0, 0, 0, 11.242796695886542, 51.306698906167085, 52.964353797255725, 57.4029183823479, 51.41543276000806, 59.49017683690738, 51.69008989190873]",335.5124672704814
11.5,ramp-up,CILB,71,7,261.4537924729926,261.4537924729926,"[0, 0, 0, 25.3491467531107, 51.306698906167085, 52.964353797255725, 57.4029183823479, 51.41543276000806, 59.49017683690738, 51.69008989190873]",349.6188173277056
11.75,ramp-up,CILB,75,7,274.20826056829833,274.20826056829833,"[0, 0, 0, 40.869240394990605, 51.306698906167085, 52.964353797255725, 57.4029183823479, 51.41543276000806, 59.49017683690738, 51.69008989190873]",365.1389109695855
12.0,ramp-up,CILB,63,7,245.13106410511347,245.13106410511347,"[0, 0, 0, 52.45725343029354, 51.306698906167085, 52.964353797255725, 57.4029183823479, 51.41543276000806, 59.49017683690738, 51.69008989190873]",376.7269240048884
12.25,ramp-up,CILB,73,8,268.0836268176396,268.0836268176396,"[0, 0, 14.130763607753293, 52.45725343029354, 51.306698906167085, 52.964353797255725, 57.4029183823479, 51.41543276000806, 59.49017683690738, 51.69008989190873]",390.8576876126417
12.5,ramp-up,CILB,64,8,234.5104454220406,234.5104454220406,"[0, 0, 26.287323822589226, 52.45725343029354, 51.306698906167085, 52.964353797255725, 57.4029183823479, 51.41543276000806, 59.49017683690738, 51.69008989190873]",403.0142478274776
12.75,ramp-up,CILB,80,8,246.09408199172023,246.09408199172023,"[0, 0, 42.12288717565525, 52.45725343029354, 51.306698906167085, 52.964353797255725, 57.4029183823479, 51.41543276000806, 59.49017683690738, 51.69008989190873]",418.84981118054367
13.0,ramp-up,CILB,74,8,237.49032239410502,237.49032239410502,"[0, 0, 56.26738080386939, 52.45725343029354, 51.306698906167085, 52.964353797255725, 57.4029183823479, 51.41543276000806, 59.49017683690738, 51.69008989190873]",432.9943048087578
13.25,ramp-up,CILB,86,9,247.15653725267288,247.15653725267288,"[0, 18.656033661509483, 56.26738080386939, 52.45725343029354, 51.306698906167085, 52.964353797255725, 57.4029183823479, 51.41543276000806, 59.49017683690738, 51.69008989190873]",451.6503384702673
13.5,ramp-up,CILB,86,9,252.5162656224924,252.5162656224924,"[0, 37.09907458189018, 56.26738080386939, 52.45725343029354, 51.306698906167085, 52.964353797255725, 57.4029183823479, 51.41543276000806, 59.49017683690738, 51.69008989190873]",470.093379390648
13.75,ramp-up,CILB,79,9,274.9641234206364,274.9641234206364,"[0, 51.4789337031888, 56.26738080386939, 52.45725343029354, 51.306698906167085, 52.964353797255725, 57.4029183823479, 51.41543276000806, 59.49017683690738, 51.69008989190873]",484.4732385119466
14.0,ramp-up,CILB,88,10,273.4498128642376,273.4498128642376,"[18.782817099481434, 51.4789337031888, 56.26738080386939, 52.45725343029354, 51.306698906167085, 52.964353797255725, 57.4029183823479, 51.41543276000806, 59.49017683690738, 51.69008989190873]",503.25605561142805
14.25,ramp-up,CILB,77,10,267.4347867207153,267.4347867207153,"[35.49602740714647, 51.4789337031888, 56.26738080386939, 52.45725343029354, 51.306698906167085, 52.964353797255725, 57.4029183823479, 51.41543276000806, 59.49017683690738, 51.69008989190873]",519.9692659190931
14.5,ramp-up,CILB,74,10,249.28205627253595,249.28205627253595,"[49.30830829453406, 51.4789337031888, 56.26738080386939, 52.45725343029354, 51.306698906167085, 52.964353797255725, 57.4029183823479, 51.41543276000806, 59.49017683690738, 51.69008989190873]",533.7815468064807
14.75,ramp-up,CILB,74,10,245.05201462747263,245.05201462747263,"[63.26100030016364, 51.4789337031888, 56.26738080386939, 52.45725343029354, 51.306698906167085, 52.964353797255725, 57.4029183823479, 51.41543276000806, 59.49017683690738, 51.69008989190873]",547.7342388121102
15.0,ramp-up,CILB,82,10,273.435468248458,273.435468248458,"[64.75623271135451, 53.07923688621323, 58.06656210462914, 54.02024003337401, 53.03987406360621, 54.589596541742964, 59.01766483775267, 53.20543294621003, 61.29267547906099, 53.34838190198577]",564.4158975059295
15.25,ramp-up,CILB,85,10,271.7353128868214,271.7353128868214,"[66.57615747465093, 54.66276401371265, 59.923226931742455, 55.577477931555805, 54.63305455033966, 56.32190847793597, 60.77723710597806, 54.81540227051035, 62.86343692780301, 55.18107958878978]",581.3317452730187
15.5,ramp-up,CILB,79,10,271.6629688996855,271.6629688996855,"[68.12322580223696, 56.297018124168005, 61.44002600895887, 57.09938992557771, 56.29264372994261, 57.766832102115806, 62.34405533112553, 56.55291387382035, 64.60020340532522, 56.626229976657264]",597.1425382799283
15.75,ramp-up,CILB,85,10,270.26682455396616,270.26682455396616,"[69.98888504387168, 58.04937007218965, 62.9726858653906, 58.90720533151697, 57.9244325056906, 59.52238426520427, 64.19329153246075, 58.12857285271409, 66.1694491532677, 58.192622209078465]",614.0488988313848
16.0,ramp-up,CILB,83,10,419.07431577293204,419.07431577293204,"[71.5135281351523, 59.68399722868081, 64.55854369974939, 60.40238250029412, 59.67444408773312, 61.22790590646833, 65.77426067958895, 59.868661514285606, 67.84660705308167, 59.828614266180054]",630.3789450712144
16.25,ramp-up,CILB,93,10,484.42289673037953,484.42289673037953,"[73.52194924896455, 61.65415472609916, 66.55272506025374, 62.410782465081965, 61.42659255999551, 62.994730969459255, 67.48649990685085, 61.832864756261785, 69.84950516202144, 61.6537866551976]",649.3835915101859
16.5,ramp-up,CILB,90,10,511.61974991441764,511.61974991441764,"[75.47704296794194, 63.56295937611653, 68.48378811046884, 64.32265221904875, 63.142642615449525, 64.89818579274802, 69.14541433235591, 63.766844798107975, 71.77859873250304, 63.35386279351404]",667.9319917382546
16.75,ramp-up,CILB,97,10,480.5577904012513,480.5577904012513,"[77.33134346511802, 65.55785429069628, 70.38486332360054, 66.44933829768168, 65.09669431965126, 67.00860980319402, 70.93616693207427, 65.8893602351846, 73.59388304517796, 65.47332610802953]",687.7214398204081
17.0,ramp-up,CILB,105,10,502.105567010515,502.105567010515,"[79.51903328432837, 67.44856462754811, 72.66360489311016, 68.56548813646064, 67.28885491929209, 69.2102288358866, 73.10783090393613, 67.93233325333273, 75.51327204585101, 67.64230593569226]",708.8915168354381
17.25,ramp-up,CILB,97,10,517.912165286139,517.912165286139,"[81.42816646183226, 69.55942573179142, 74.67240425587597, 70.66177668820488, 69.27367470668123, 71.07299738721804, 75.06643054263279, 69.67849075793528, 77.37059456799615, 69.55510253788832]",728.3390636380564
17.5,ramp-up,CILB,92,10,517.5101604383728,517.5101604383728,"[83.27385280148106, 71.44834796671323, 76.45175353386678, 72.61895652315437, 71.20609354129623, 72.97658619398308, 76.80509830771979, 71.40777057317865, 79.03558311067962, 71.30120459410915]",746.525247146182
17.75,ramp-up,CILB,99,10,586.1452830940573,586.1452830940573,"[85.05804854946372, 73.52772989945414, 78.5386918245421, 74.44316509259353, 73.15645143409755, 74.82823731993886, 78.96645286046248, 73.39488184235438, 80.83746959119532, 73.1818871128545]",765.9330155269565
18.0,ramp-up,CILB,101,10,596.516800541809,596.516800541809,"[87.07997892805278, 75.68127984402159, 80.57803209258887, 76.62363716629977, 75.27488823273002, 76.83800579241537, 80.88916624604235, 75.31276669630829, 82.91308481165288, 75.30927584131055]",786.5001156514224
18.25,ramp-up,CILB,97,10,680.7237249464271,680.7237249464271,"[89.09523145522482, 77.70137047099908, 82.34895288666586, 78.52778572173041, 77.23142135524554, 78.7453261952474, 82.71541798917394, 77.22178238120438, 85.01016214124887, 77.28189865402179]",805.8793492507621
18.5,ramp-up,CILB,100,10,685.7224326038248,685.7224326038248,"[91.19423772281604, 79.71982339489261, 84.39025392224235, 80.41600119945994, 79.11919000909413, 80.71966058566606, 84.52702791715262, 79.15623419868373, 87.08181889526021, 79.24362532167684]",825.5678731669445
18.75,ramp-up,CILB,113,10,768.4159697613785,768.4159697613785,"[93.43692541952733, 81.77655204922948, 86.5956088688554, 82.54567164792353, 81.30092431290048, 83.09773641363417, 86.73239296658761, 81.5301426389305, 89.4918486721504, 81.39165205404248]",847.8994550437814
19.0,ramp-up,CILB,97,10,956.7331370983484,956.7331370983484,"[95.260277364284, 83.53045949594977, 88.4007332190199, 84.34064538617471, 83.306674344613, 85.06255661142302, 88.56296320845934, 83.547535047774, 91.53540513431261, 83.20275424166918]",866.7500040536795
19.25,ramp-up,CILB,115,10,1179.0868712825845,1179.0868712825845,"[97.51273840738165, 85.92936626027253, 90.50569159882771, 86.72832801750388, 85.66520584658949, 87.17943121192818, 90.9883044155369, 86.00866993775485, 93.88159447712836, 85.32843957160014]",889.7277697445237
19.5,ramp-up,CILB,117,10,1250.9952118143872,1250.9952118143872,"[100.06838698883807, 88.332820089928, 92.99952662037686, 89.16534846275833, 87.97501383045308, 89.62884741420645, 93.54614612175632, 88.24106849926414, 96.36583171152992, 87.68630449181792]",914.0092942309291
19.75,ramp-up,CILB,103,10,1358.2740794916494,1358.2740794916494,"[102.17384365098104, 90.34296368322885, 94.86535101945813, 91.36994103131906, 89.90393185160205, 91.5702407924805, 95.7288530527695, 90.23528810264783, 98.5825235431903, 89.82919219695479]",934.6021289246321
20.0,ramp-up,CILB,117,10,1583.8993024698782,1583.8993024698782,"[104.65093623326696, 92.49251265128844, 97.07505813487927, 93.79969741999722, 92.15323627370293, 93.94840880641605, 98.05633896150896, 92.58975956642405, 100.88765932753634, 92.28428998133676]",957.937897356357
20.25,ramp-up,CILB,108,10,1657.15198498657,1657.15198498657,"[106.68841439769452, 94.64568644096433, 99.33207885535147, 96.1655916538827, 94.32387940115785, 96.01466424623084, 100.04376624020418, 94.6176183601594, 102.9299320541608, 94.30580872820885]",979.0674403780149
20.5,ramp-up,CILB,107,10,2115.074693946552,2115.074693946552,"[108.86011388369458, 96.77258833339458, 101.44659950095368, 98.17049930480965, 96.27186863611243, 98.34343946564758, 102.17423433235389, 96.89548385634755, 105.02743483944464, 96.26351589707826]",1000.2257780498369
20.75,ramp-up,CILB,117,10,2517.0306116932256,2517.0306116932256,"[111.07173546384102, 99.12315227983552, 103.76344027052161, 100.48369273469069, 98.78042663571908, 100.91277409554604, 104.42315228669536, 99.29212464260932, 107.41874210637536, 98.71587769204503]",1023.985118207879
21.0,ramp-up,CILB,117,10,2804.775942418843,2804.775942418843,"[113.31404481110755, 101.33748315760775, 106.200295598905, 102.91869091187856, 101.09891329647758, 103.34047023813939, 106.96154265551318, 101.76682815907999, 109.81726925372821, 101.1313113561004]",1047.8868494385376
21.25,ramp-up,CILB,114,10,2840.5715867417666,2840.5715867417666,"[115.62560322559706, 103.52108958587522, 108.30900086703267, 105.28472807587127, 103.46999185682651, 105.82233060391867, 109.24175796827896, 104.04399877910134, 111.90595073819429, 103.20148787368812]",1070.425939574384
21.5,ramp-up,CILB,127,10,2976.9797733826395,2976.9797733826395,"[118.04851482678832, 105.82752727583268, 110.97918543288225, 107.8097424940831, 106.08695867745882, 108.57369558018547, 111.61995445506831, 106.6273462287425, 114.51442137567697, 105.73728458120115]",1095.8246309279195
21.75,ramp-up,CILB,125,10,3524.421154643669,3524.421154643669,"[120.57356313127421, 108.30494023013354, 113.38644401146733, 110.22137938722109, 108.82205104086312, 111.02578310868584, 114.12725258123287, 109.37140583613338, 117.09325156891853, 108.25858137837974]",1121.1846522743097
22.0,ramp-up,CILB,117,10,4295.59080231099,4295.59080231099,"[123.0063441449034, 110.46776763714725, 115.94787672127188, 112.61233132741545, 111.04004225323246, 113.20590408934669, 116.49104523651012, 111.73585949557052, 119.24287347511829, 110.82895771961671]",1144.5790021001328
22.25,ramp-up,CILB,121,10,4725.688869277417,4725.688869277417,"[125.30230990344376, 112.9125799343574, 118.3115323516835, 115.23651551198232, 113.46403084476341, 115.80949799683758, 119.08723427277356, 114.04756323853638, 121.8032364672078, 113.20778985261556]",1169.1822903742013
22.5,ramp-up,CILB,113,10,4297.470992576469,4297.470992576469,"[127.492305925089, 115.19604660687341, 120.59116274014082, 117.47633127880597, 115.64347420706694, 117.92876886975318, 121.43650356205805, 116.34001577271356, 123.94280669282597, 115.59233595536043]",1191.6397516106874
22.75,ramp-up,CILB,120,10,4844.147205691937,4844.147205691937,"[129.89340567715283, 117.639333212942, 123.16861889055468, 120.05594265835204, 118.01482118775687, 120.34122539142082, 123.81582903780568, 118.84678880994747, 126.29959643030422, 118.06663099204575]",1216.1421922882823
23.0,ramp-up,CILB,116,10,5521.169821054347,5521.169821054347,"[132.1283364525779, 120.06081809824548, 125.60898133008583, 122.54872837842495, 120.11947837008155, 122.46097261811306, 126.19668774962624, 121.36209991178153, 128.85040205855591, 120.50113058621214]",1239.8376355537046
23.25,ramp-up,CILB,126,10,6589.206342606938,6589.206342606938,"[134.58525636182466, 122.40218527527797, 128.1446891544328, 125.1019561216306, 122.78690818491755, 124.81464437724338, 128.50448779835887, 124.06900306949854, 131.4307360842988, 122.89050880130772]",1264.7303752287908
23.5,ramp-up,CILB,129,10,6272.8238935034415,6272.8238935034415,"[137.13518893016422, 124.9024971374906, 130.76987615427802, 127.75364849204836, 125.32785159716337, 127.26569506103776, 131.26266462373243, 126.49379904103873, 133.95123780076594, 125.46184416081428]",1290.3243029985338
23.75,ramp-up,CILB,126,10,7374.344384960094,7374.344384960094,"[139.77850202611154, 127.19521543988171, 133.34350502678856, 130.27199904445638, 128.0515458637738, 129.6779369133732, 133.93329012396427, 129.06775980011352, 136.39680756250695, 128.05069957132926]",1315.7672613722991
24.0,ramp-up,CILB,122,10,8409.802567034747,8409.802567034747,"[142.25733404313132, 129.74860700663606, 135.5834901141527, 132.61201294485141, 130.61231652586375, 131.95964926775002, 136.1937841052647, 131.52699078649792, 139.0668944781381, 130.50575552969622]",1340.0668348019822
24.25,ramp-up,CILB,127,10,8389.186877367161,8389.186877367161,"[144.61483860675432, 132.52558911304314, 138.3064415373773, 135.2659150345858, 133.39612718519695, 134.73702229937845, 138.88851462842715, 133.99880451159595, 141.75456091818128, 132.79882620648746]",1366.2866400410278
24.5,ramp-up,CILB,140,10,9885.955089282046,9885.955089282046,"[147.63001012007464, 135.35997724710307, 141.3389848462735, 137.90988066662723, 135.95152872824664, 137.7183812961571, 141.91777170594676, 136.68803100933232, 144.50320659742673, 135.3971013334915]",1394.4148735506794
24.75,ramp-up,CILB,133,10,9642.017383329769,9642.017383329769,"[150.2469855528913, 138.14886436295822, 143.81519103035552, 140.5245992352236, 138.39820823791266, 140.3727139202612, 144.52888935713793, 139.58824046083504, 146.91461166203362, 137.9882232715382]",1420.5265270911473
25.0,ramp-up,CILB,131,10,10535.809581790501,10535.809581790501,"[152.66899724569302, 140.95123375371318, 146.41146293148648, 143.2298900539681, 141.09246137874285, 143.04361840304944, 146.8980806634198, 142.35852082623325, 149.40024176414758, 140.41220738743962]",1446.4667144078933
25.25,ramp-up,CILB,146,10,10875.283068032079,10875.283068032079,"[155.79830642349904, 143.66373153422035, 149.11537833624945, 146.0042721048573, 143.82236769734928, 146.05767606632628, 149.54113627089492, 144.99519925733597, 152.48959280806068, 143.17915944539646]",1474.6668199441897
25.5,ramp-up,CILB,142,10,11857.611662880709,11857.611662880709,"[158.64048679929738, 146.75672761942738, 151.69600967720817, 149.00514503857417, 146.87081285295687, 148.9098603562833, 152.3573044234464, 148.0987661293493, 155.08014163951756, 146.00722117084354]",1503.4224757069042
25.75,ramp-up,CILB,140,10,13640.615498885621,13640.615498885621,"[161.46756640236447, 149.45883146768583, 154.77300122049027, 151.8222568675357, 149.64489348679913, 151.76889935954307, 154.93284436198667, 151.0117626037351, 158.0777055724031, 148.89173450317708]",1531.8494958457204
26.0,ramp-up,CILB,150,10,14065.903946810227,14065.903946810227,"[164.56663112020067, 152.38341208174714, 157.56458457535152, 155.07604788897635, 152.38517347168113, 154.96796249262798, 157.6887824230089, 153.76970126327456, 161.22098317149633, 152.0787960743435]",1561.702074562708
26.25,ramp-up,CILB,145,10,15718.10650306385,15718.10650306385,"[167.7383023228813, 155.34164993465745, 160.37853936305353, 158.02124062964248, 155.1185619789709, 157.9588695483611, 160.42884444709128, 156.44246792479237, 164.32129975428512, 154.9019814837004]",1590.651757387436
26.5,ramp-up,CILB,136,10,15369.382313720167,15369.382313720167,"[170.63752899261937, 157.9351414971413, 162.92468570620025, 160.85150876208138, 157.73464964969435, 160.59173416164793, 162.88016599652687, 159.3636732371482, 167.0773784298353, 157.56800816683614]",1617.564474599731
26.75,ramp-up,CILB,141,10,16123.942974114945,16123.942974114945,"[173.49565175854988, 160.52105726768843, 165.49235708430425, 163.4782879440498, 160.62111038430064, 163.50985251443373, 165.57163200028694, 162.27500665989206, 169.88929163139383, 160.35532108813368]",1645.2095683330333
27.0,ramp-up,CILB,139,10,17470.47971850904,17470.47971850904,"[176.33087643461099, 163.02733128744876, 168.1619462495865, 166.0977340364963, 163.19941293602372, 166.15392135866966, 168.25606803018837, 164.7813044879446, 172.80663148402078, 162.95500739797666]",1671.7702337029664
27.25,ramp-up,CILB,143,10,20288.284762204996,20288.284762204996,"[179.39800336239708, 165.93066552739023, 171.0639308670532, 169.07756744251373, 166.0123338810542, 168.79380052783335, 170.84199798195053, 167.54107188658742, 175.83898775628637, 165.8825750485867]",1700.3809342816528
27.5,ramp-up,CILB,154,10,19088.36441899957,19088.36441899957,"[182.37517363385285, 168.80623527554638, 174.15038857033116, 171.9198078526543, 169.09846435144513, 172.12384893048667, 173.8292131454815, 170.76113741568255, 179.1154600948257, 169.1566378441287]",1731.336367114435
27.75,ramp-up,CILB,155,10,21334.398094821805,21334.398094821805,"[185.63629746660965, 171.8745565348833, 177.51336421053026, 175.059792758364, 172.2823493092627, 175.30105243374064, 177.15504620787698, 173.94001220796042, 181.9990536836894, 171.98897532439608]",1762.7505001373133
28.0,ramp-up,CILB,148,10,23389.413272982863,23389.413272982863,"[188.8119334866934, 175.04489021078533, 180.54144917647227, 178.02397690622573, 175.22027461134766, 178.29320772557293, 180.28780234385806, 177.13437125317006, 184.92929603625075, 175.13238634767328]",1793.4195880980494
28.25,ramp-up,CILB,159,10,24397.700475602003,24397.700475602003,"[191.78368095436693, 178.06445521899383, 183.68186343893294, 181.16544916578675, 178.41474236177655, 181.2561703138492, 183.3869362044745, 180.17629156916882, 188.05127337290006, 178.20958785306442]",1824.190450453314
28.5,ramp-up,CILB,155,10,24381.25473523247,24381.25473523247,"[195.11511434484447, 181.06113968135136, 186.8331619379765, 184.04313476174903, 181.42163125004876, 184.6461421486187, 186.60999378141787, 183.20930551945673, 191.21019893435403, 181.58114921679518]",1855.7309715766128
28.75,ramp-up,CILB,161,10,28575.711935774256,28575.711935774256,"[198.28578804475592, 184.1921569753987, 189.96467483680095, 187.05722408408172, 184.45757132386728, 188.15444051291084, 189.82115225445992, 186.25319924142457, 194.19679102180007, 184.52884353108496]",1886.9118418265848
29.0,ramp-up,CILB,157,10,26842.409850868593,26842.409850868593,"[201.21367929394748, 187.54024167099945, 193.274924263824, 190.3913035400152, 187.38752991995455, 191.25529941133772, 192.90517146247973, 189.50395515655896, 197.17195998830874, 187.63380032084268]",1918.2778650282685
29.25,ramp-up,CILB,157,10,30473.555796638793,30473.555796638793,"[204.65790748428532, 190.65617669746038, 196.27787691196198, 193.45711942868698, 190.54477466710836, 194.68811581155106, 196.24417916093674, 192.83314594932614, 200.0848742680397, 190.61680233772057]",1950.0609727170772
29.5,ramp-up,CILB,154,10,34055.45761217534,34055.45761217534,"[207.52067425637614, 193.6976597945405, 199.63286748197723, 196.36589484094168, 193.59466950908433, 197.67546021968445, 199.03260799847135, 195.63795219182353, 203.16611065069074, 193.53404163122045]",1979.8579385748103
29.75,ramp-up,CILB,152,10,32700.435972126124,32700.435972126124,"[210.67988602543033, 196.51804575116594, 202.797833476553, 199.3746445371229, 196.33386223765413, 200.45962948861705, 201.92420974696108, 198.88160975618723, 206.23578363192058, 196.712200380698]",2009.9177050323103
0.0,ramp-up,Round-Robin,20,0,274.4165742798234,274.4165742798234,"[0.4077391234255158, 0.36131482817647154, 0.4012300584167525, 0.3793550507536795, 0.37148614721970086, 0.3943391114482667, 0.4091847666220761, 0.3792451391045235, 0.3933254076166832, 0.41314970413936075]",3.9103693369230306
0.25,ramp-up,Round-Robin,4,0,263.66922987519143,265.27420059728183,"[0.7146773310884031, 0.6275192427963474, 0.6541396233588537, 0.6755121716653323, 0.4490029871103151, 0.478066167791477, 0.4912368780216866, 0.46358916109028125, 0.4770883993736802, 0.4904700018733125]",5.521301964169689
0.5,ramp-up,Round-Robin,2,0,268.0775220786538,268.24743549885306,"[0.7568868542860305, 0.6671806794159263, 0.6924871639282539, 0.7118626218706052, 0.6745775391286442, 0.6960776530041354, 0.5347038458612897, 0.5037122298043173, 0.5210013809920492, 0.530814247454546]",6.289304215745798
0.75,ramp-up,Round-Robin,11,0,262.0815125249506,265.30995368658563,"[0.9875923933288939, 0.9045447291939487, 0.9074995337317244, 0.9527064595804788, 0.8944104810962732, 0.915968682273855, 0.9903459250579547, 0.7245603673598549, 0.7542518968377272, 0.7608058257256219]",8.792686294186332
1.0,ramp-up,Round-Robin,12,0,268.4679007442508,271.80515600003446,"[1.2367011041342773, 1.1374189844150044, 1.1255325815485306, 1.2104682439831858, 1.1273333279910802, 1.1798799109669613, 1.219524582341548, 1.2068027679289515, 1.2336674821547988, 0.9804078016450536]",11.65773678710939
1.25,ramp-up,Round-Robin,13,0,259.20031929076947,261.267058237331,"[1.722324518496909, 1.585121203940862, 1.379441010436347, 1.47396496535284, 1.392798259091529, 1.449191137926458, 1.5028634058633568, 1.460147463609427, 1.5073478746883249, 1.4472086052517719]",14.920408444657825
1.5,ramp-up,Round-Robin,11,0,268.56734332767536,269.36673595969063,"[1.9317772684270647, 1.802757220886709, 1.8411356798573468, 1.684530347971559, 1.631123331111372, 1.6688039465176439, 1.7062594524271315, 1.6956718203863372, 1.7252377528391223, 1.6847504826063662]",17.37204730303065
1.75,ramp-up,Round-Robin,11,0,270.08141925557436,274.0000856084904,"[2.161096869003382, 2.041559496982529, 2.0671944808501634, 2.129200844214539, 1.8515085838990413, 1.872143894541096, 1.9131025887589497, 1.8997824027560253, 1.9580141675146634, 1.8839069797859298]",19.77751030830632
2.0,ramp-up,Round-Robin,27,0,272.47994555189706,273.3132306967054,"[2.9409332224588374, 2.616480152129435, 2.561159557844577, 2.720217855218026, 2.6125746951282256, 2.6047401198992195, 2.679758719375088, 2.6167705903000247, 2.7539522699589245, 2.6653858932539993]",26.771973075566358
2.25,ramp-up,Round-Robin,13,0,272.08034939342986,272.08034939342986,"[3.211818493350358, 3.062314275704887, 3.0617227308982784, 3.2165510395655694, 2.8905632478483305, 2.8517715959662833, 2.946781688127251, 2.879414343905148, 2.9944611253055236, 2.9151327727716607]",30.03053131344329
2.5,ramp-up,Round-Robin,30,0,272.83250849772026,272.83250849772026,"[3.8508468454295537, 3.6057190942527524, 3.6071781472932396, 3.8335254876244926, 3.499775795625616, 3.4699071932645555, 3.5788167682372083, 3.4694047579447376, 3.611140068370588, 3.5148973399879946]",36.04121149803074
2.75,ramp-up,Round-Robin,26,0,255.76887220819845,255.76887220819845,"[4.36920896296072, 4.094937487663346, 4.138270814626586, 4.334034067546174, 4.251220051081807, 4.22363195795641, 4.350768708905831, 4.2578586323644805, 4.277970394194131, 4.216255128507236]",42.51415620580672
3.0,ramp-up,Round-Robin,16,0,273.33433152762376,273.33433152762376,"[4.927200943139674, 4.5795462525248825, 4.640324139989911, 4.862113519487108, 4.751742402851484, 4.770996580970828, 4.670657703597666, 4.578801022075296, 4.597891015531581, 4.524001719358719]",46.90327529952715
3.25,ramp-up,Round-Robin,16,9,274.4545350310362,274.4545350310362,"[5.444141975889966, 5.103362090450931, 4.9825431713750925, 5.177692896725351, 5.096219569630274, 5.105557097025829, 5.218098807070513, 5.084858506737122, 5.107551504117116, 5.051311010322347]",51.37133662934454
3.5,ramp-up,Round-Robin,19,10,274.53078687805703,274.53078687805703,"[6.011834806566485, 5.505774279807882, 5.54387706616959, 5.808610930492175, 5.705795529616238, 5.650647811285913, 5.799157018952634, 5.664867543551317, 5.634806693003297, 5.5892072296561786]",56.91457890910171
3.75,ramp-up,Round-Robin,24,10,272.07616569178833,273.3535348086026,"[6.472561303449203, 6.1635210693005105, 6.268524422659793, 6.493009147355294, 6.4141841432914575, 6.111427705500705, 6.3094689069440415, 6.1322298932984305, 6.131492106680707, 6.115277440649378]",62.61169613912952
4.0,ramp-up,Round-Robin,27,10,271.0260474948605,271.0260474948605,"[7.245328520069057, 6.915882514303561, 6.772939725328432, 7.046943873398994, 6.967115610285575, 6.901920439994528, 6.997339711772491, 6.898977473765931, 6.802164542655337, 6.921611805925455]",69.47022421749936
4.25,ramp-up,Round-Robin,37,10,263.59948920743705,263.59948920743705,"[7.920546150399193, 7.602318722199772, 7.657919965863027, 7.954053185871092, 7.937614248631872, 7.846710144457735, 7.9023252003352, 7.7775357694511085, 7.819643884909051, 7.638276204542368]",78.05694347666042
4.5,ramp-up,Round-Robin,41,10,274.0080268660681,274.0080268660681,"[8.818103493324047, 8.389127510905185, 8.443316644397205, 8.726046744227252, 8.791232323229265, 8.636704826640761, 8.697528920904215, 8.66866263091352, 8.688090363293433, 8.612061542040475]",86.47087499987536
4.75,ramp-up,Round-Robin,23,10,263.2712628956738,263.53830290491396,"[9.457823477184668, 9.041521157671344, 9.071167249159705, 9.18412203642477, 9.223822579891719, 9.100253995621957, 9.19736712281228, 9.146710390573027, 9.114719475135118, 9.082703829206608]",91.6202113136812
5.0,ramp-up,Round-Robin,42,10,271.8334689875313,271.8334689875313,"[10.214693960181066, 9.88998038872232, 9.983255995428262, 10.20475878634652, 10.354309256399718, 10.003825132036347, 10.033578474246351, 9.936218994317183, 10.032657033668794, 9.892660003162629]",100.54593802450918
5.25,ramp-up,Round-Robin,32,10,274.4549735044362,274.4549735044362,"[10.81319491474604, 10.58369364463924, 10.686893986223591, 10.831574091854144, 10.993718395256904, 10.917175401159012, 10.951216546100353, 10.630752075647928, 10.720880159162288, 10.469846200728082]",107.59894541551758
5.5,ramp-up,Round-Robin,47,10,269.8521380891988,269.8521380891988,"[11.883155913552468, 11.635377106151836, 11.749942678082652, 11.962206591249522, 11.888084192740054, 11.79818082615509, 11.935700710452897, 11.837047103136886, 11.876334277874262, 11.668506667786806]",118.23453606718247
5.75,ramp-up,Round-Robin,45,10,270.8065192925318,270.8065192925318,"[12.737804388612554, 12.492318456023616, 12.602336503586928, 12.907882788570184, 13.087971853724135, 12.854608910887245, 13.084734866701117, 12.829562964659603, 13.010144618629706, 12.6032050140629]",128.21057036545798
6.0,ramp-up,Round-Robin,43,10,268.6567529243867,268.6567529243867,"[13.75435235984568, 13.576619051030113, 13.414026622947807, 13.704856619108034, 13.888319770850673, 13.757219302877193, 13.962921965772438, 13.675088410513773, 13.878612954146465, 13.657020566361313]",137.2690376234535
6.25,ramp-up,Round-Robin,38,10,265.4346041588619,265.4346041588619,"[14.524106005631248, 14.270006274258728, 14.383175278700305, 14.665910133877812, 14.862278492302423, 14.649990960102617, 14.88992055221894, 14.638993986421251, 14.764931038405921, 14.560457651584871]",146.2097703735041
6.5,ramp-up,Round-Robin,46,10,274.642829929044,274.642829929044,"[15.694120743512048, 15.366698785288257, 15.574060801309326, 15.84097033803214, 15.999820215675646, 15.66813587591365, 15.781313863666373, 15.478725810249875, 15.775849791933675, 15.560420886579701]",156.7401171121607
6.75,ramp-up,Round-Robin,51,10,261.39290704530646,261.39290704530646,"[16.690146585757727, 16.46210132349164, 16.677041332860338, 16.835602026927745, 17.05709720791236, 16.721141553691247, 17.010903128062576, 16.530046766327292, 16.76479484891006, 16.51482950689654]",167.26370428083752
7.0,ramp-up,Round-Robin,43,10,269.1878310922687,269.1878310922687,"[17.605764580986364, 17.27867339411429, 17.51058080727821, 17.657013780108507, 17.992331790027592, 17.61984567238758, 17.80431240593041, 17.6556561412376, 17.807673855790313, 17.63123284200949]",176.56308526987036
7.25,ramp-up,Round-Robin,36,10,272.4260127513361,272.4260127513361,"[18.476883008228075, 18.146650928786958, 18.4975071719295, 18.495399482553008, 18.913048626232722, 18.5010701474367, 18.569785626904327, 18.408994658806307, 18.501595988067475, 18.365332987105415]",184.8762686260505
7.5,ramp-up,Round-Robin,42,10,270.73705869079527,270.73705869079527,"[19.386028056052325, 19.007817775911878, 19.325276869754983, 19.334663774851837, 19.832393385770462, 19.41525666428846, 19.645424872051436, 19.508442014770253, 19.311143376896617, 19.19127552552022]",193.95772231586847
7.75,ramp-up,Round-Robin,51,10,268.68102292447696,268.68102292447696,"[20.501456438515838, 20.03950427458453, 20.270631790971034, 20.302206912134114, 20.791874079314713, 20.46518465800424, 20.751558997371724, 20.599257225497855, 20.431704592049172, 20.257090806830888]",204.41046977527412
8.0,ramp-up,Round-Robin,50,10,270.7563229796778,270.7563229796778,"[21.575351208820745, 21.006097136748295, 21.36203574307637, 21.205273653379813, 21.879306031955164, 21.557600169227133, 21.67502223726039, 21.699171626901418, 21.427488767317644, 21.205609443200036]",214.592956017887
8.25,ramp-up,Round-Robin,49,10,271.7379125148177,271.7379125148177,"[22.754708649992576, 22.09136867939775, 22.655626898892162, 22.378073392977136, 23.139482590804192, 22.83538216696694, 22.824508598718168, 22.858859147157972, 22.419743613900657, 22.319830130402664]",226.27758386921022
8.5,ramp-up,Round-Robin,46,10,272.2594055600449,272.2594055600449,"[23.909340834403686, 23.252774320563233, 23.721268092602376, 23.570109987468225, 24.145320111978254, 23.781453946576303, 23.742778185913032, 23.717814138013054, 23.60581812911587, 23.365745649635343]",236.81242339626937
8.75,ramp-up,Round-Robin,49,10,273.87396741162564,273.87396741162564,"[25.151724801486683, 24.412098885053314, 24.98210864577316, 24.497470932315405, 25.37421212901227, 24.8456113315353, 24.924131154960595, 24.86788950148714, 24.813627244782797, 24.585099765809932]",248.4539743922166
9.0,ramp-up,Round-Robin,55,10,274.51165158198637,274.51165158198637,"[26.320619390087742, 25.55038613451954, 26.149465539541595, 25.904012007475085, 26.57203640047284, 26.040652943000666, 26.13284450125306, 26.087791836304962, 25.919447561570845, 25.754446931766854]",260.43170324599316
9.25,ramp-up,Round-Robin,49,10,269.3777153517247,269.3777153517247,"[27.585159111616743, 26.79164839516128, 27.233531658822393, 27.05551831672368, 27.76447394020185, 27.115896068635102, 27.197074741999437, 27.00338301704829, 27.099414142345463, 26.918849609632165]",271.7649490021864
9.5,ramp-up,Round-Robin,49,10,269.826288350136,269.826288350136,"[28.658147736711793, 27.871194537303733, 28.51396967400149, 28.329755866327822, 28.959462268117175, 28.185660888751322, 28.26111294880535, 28.139601404649778, 28.3883208711562, 28.119390130196106]",283.4266163260208
9.75,ramp-up,Round-Robin,60,10,274.6292939225399,274.6292939225399,"[29.919493960196807, 28.98478267992018, 29.831204383900875, 29.583555123150457, 30.15965255251023, 29.499498487335963, 29.354000092472727, 29.32450258533222, 29.66960278898336, 29.28113238935013]",295.60742504315294
10.0,ramp-up,Round-Robin,53,10,261.98276444882976,261.98276444882976,"[30.96504572479959, 30.08287798983487, 30.925266828294028, 30.555722276089444, 31.24479912124533, 30.622686184182147, 30.66770344270768, 30.479176163769854, 30.842466471877472, 30.386007946163197]",306.7717521489636
10.25,ramp-up,Round-Robin,62,10,273.9086532006944,273.9086532006944,"[32.39031270378177, 31.33645350998587, 32.142461783714644, 31.67823522828474, 32.44856986450695, 31.761766120776194, 31.93201830456066, 31.675634885751812, 32.054005475391676, 31.766059983336536]",319.18551786009084
10.5,ramp-up,Round-Robin,63,10,272.44117311972826,272.44117311972826,"[33.648579937218884, 32.66892751786674, 33.583387254339364, 33.11519711149832, 33.7045961556183, 32.915150303847774, 33.129446638483465, 32.87177558297526, 33.34551396470944, 33.04969919564238]",332.03227366219994
10.75,ramp-up,Round-Robin,72,10,265.82472577164566,265.82472577164566,"[35.192118375743924, 34.245504426300066, 34.918591102153904, 34.503548676246346, 35.49130364203958, 34.45702959214206, 34.515931423467755, 34.44557307442656, 34.920506828572485, 34.42963626329744]",347.11974340439014
11.0,ramp-up,Round-Robin,63,10,274.53503072184844,274.53503072184844,"[36.46361690527753, 35.55129600984885, 36.191216089717265, 35.877705838340894, 36.741632442193534, 35.769538089058585, 35.95796027012596, 35.84464178715827, 36.43681473013519, 35.77001558643456]",360.60443774829065
11.25,ramp-up,Round-Robin,57,10,274.18041029759917,274.18041029759917,"[37.798051804816595, 36.86471177593312, 37.532988278049174, 37.33037094378108, 38.13301041825423, 37.12123500356643, 37.16424463921319, 36.952614511565976, 37.666989075637474, 37.11990639068915]",373.6841228415064
11.5,ramp-up,Round-Robin,71,10,273.0863932839985,273.0863932839985,"[39.2898137136918, 38.416975340803845, 38.93323765251399, 38.611366511251894, 39.484492115448866, 38.544267055875544, 38.79033511567238, 38.395481707494795, 39.10835592874628, 38.52450749931655]",388.09883264081594
11.75,ramp-up,Round-Robin,75,10,274.19502352941396,274.19502352941396,"[41.13964360746151, 39.99514490092657, 40.37680475568325, 40.09796630181966, 40.89655231331136, 40.03914485550936, 40.28318387503513, 40.07445812650762, 40.87525543902432, 40.16293672055057]",403.94109089582935
12.0,ramp-up,Round-Robin,63,10,268.5989665004943,268.5989665004943,"[42.31399780668778, 41.270226836954016, 41.970675841229564, 41.47966812166379, 42.32882616470519, 41.21962670284751, 41.57858455195347, 41.3173560085198, 42.01661189215861, 41.45169166876829]",416.94726559548803
12.25,ramp-up,Round-Robin,73,10,267.27589013347796,267.27589013347796,"[43.68259007869235, 42.67941443114087, 43.41828056451377, 42.870275313135885, 43.89471603656273, 42.88882808936394, 43.28476860239463, 43.00955032384176, 43.5091139511312, 42.93709704542133]",432.17463443619846
12.5,ramp-up,Round-Robin,64,10,274.99497762815463,274.99497762815463,"[45.10498255944286, 44.06559560856699, 44.74780031919318, 44.1530464797246, 45.15378524775281, 44.076122117788785, 44.534998352881075, 44.20910327086071, 45.02922243718056, 44.47435319167402]",445.54900958506556
12.75,ramp-up,Round-Robin,80,10,263.29597774718457,263.29597774718457,"[46.58867366813486, 45.766464709576226, 46.49622562780596, 45.75478664603842, 46.75217559907006, 45.73522505236798, 46.108000092168794, 45.9178686475331, 46.625606281001254, 45.94080779192569]",461.68583411562236
13.0,ramp-up,Round-Robin,74,10,274.96563346394544,274.96563346394544,"[47.954184122741296, 47.13226987837848, 48.268663605168264, 47.5434096695256, 48.38744115449748, 47.52362232410752, 47.452316806760784, 47.46268679890759, 48.119326850318956, 47.56578140737719]",477.4097026177832
13.25,ramp-up,Round-Robin,86,10,267.90084224731294,267.90084224731294,"[49.980026676295516, 48.95125716363928, 50.095545339761024, 49.29365549008563, 50.056058163840696, 49.31612168617339, 49.423300729036804, 49.25442374010065, 49.90079307723484, 49.37312335535291]",495.64430542152076
13.5,ramp-up,Round-Robin,86,10,266.42409013493165,266.42409013493165,"[51.867034652273574, 50.7329361283169, 51.860111802665735, 51.39135993616324, 52.085763526384554, 51.39692887151604, 51.53241543968436, 51.31537001482722, 51.49244260723799, 51.21905446082987]",514.8934174398995
13.75,ramp-up,Round-Robin,79,10,263.7067645218847,263.7067645218847,"[53.69460613602628, 52.648260657262306, 53.495253545784905, 53.176918332226464, 53.786811871259786, 53.332264528131574, 53.265804777655205, 53.03765030374868, 53.21095759097528, 52.821934879140414]",532.4704626222109
14.0,ramp-up,Round-Robin,88,10,272.90158846519864,272.90158846519864,"[55.541651910858114, 54.51752709788156, 55.583964243668035, 55.07331835305341, 55.77736185824208, 55.11554655117441, 55.0206437198662, 54.936396235005304, 55.24251794600382, 54.60491130951189]",551.4138392252648
14.25,ramp-up,Round-Robin,77,10,260.1849019882022,260.1849019882022,"[57.15355766526775, 56.30972612325211, 57.01892930224303, 56.74659782637299, 57.24775985133543, 56.909343162792155, 56.67377918880129, 56.63179786614638, 57.12304043955863, 56.22851403705934]",568.0430454628291
14.5,ramp-up,Round-Robin,74,10,274.6470077623193,274.6470077623193,"[58.686832551903734, 57.64447505974422, 58.76464993029182, 58.53314645941586, 59.09177990091543, 58.56324064454058, 58.04490303352469, 57.98476304454493, 58.56842913755866, 57.77681999806148]",583.6590397605014
14.75,ramp-up,Round-Robin,74,10,273.1624355276632,273.1624355276632,"[60.021341075521825, 59.168881042838926, 60.22691935884265, 60.078986339219696, 60.60969159226433, 59.94004738727048, 59.69523755802954, 59.72744927762317, 60.369376545824984, 59.31794717730605]",599.1558773547416
15.0,ramp-up,Round-Robin,82,10,273.88484739216676,273.88484739216676,"[61.89814397066094, 61.04847530323984, 61.958421404866996, 61.781462491824506, 62.363800202520636, 61.63200434865841, 61.27017853944286, 61.373270991540664, 62.01249994751061, 61.0392398915479]",616.3774970918133
15.25,ramp-up,Round-Robin,85,10,264.4644999496546,264.4644999496546,"[63.76368403182762, 62.89600959980908, 63.71857489954542, 63.81857181332047, 64.28978475025436, 63.48086108454069, 63.23969651806378, 63.16259781042516, 63.867013962050514, 62.83116468828427]",635.0679591581213
15.5,ramp-up,Round-Robin,79,10,267.3234057570388,267.3234057570388,"[65.6155286191776, 64.52735390085425, 65.51159197406635, 65.63988456513783, 65.99056326417586, 65.19318793582022, 64.82326880272511, 64.83693611827415, 65.75668335087607, 64.62411958983292]",652.5191181209403
15.75,ramp-up,Round-Robin,85,10,272.6508100877349,272.6508100877349,"[67.49063238284788, 66.21150032723529, 67.24859499157168, 67.27504318685483, 67.77273905725544, 66.97501171709985, 66.5786571453501, 66.81593834897903, 67.73325320314115, 66.39637598958836]",670.4977463499235
16.0,ramp-up,Round-Robin,83,10,268.14642474513056,268.14642474513056,"[68.99437865823725, 68.18574444619183, 69.02377177291962, 68.97280356680864, 69.503230375658, 68.66046007310496, 68.09824439573718, 68.4610640111686, 69.34681433645437, 68.05624651150114]",687.3027581477816
16.25,ramp-up,Round-Robin,93,10,497.3164306988674,497.3164306988674,"[70.75935179776995, 70.03524087351475, 70.84024013738428, 70.70263506339434, 71.74086832744676, 70.86774397457712, 70.18002468859748, 70.47505254423046, 71.29634202451003, 69.8862518927241]",706.7837513241493
16.5,ramp-up,Round-Robin,90,10,508.1781631489698,508.1781631489698,"[72.73266078878889, 71.9987094602005, 72.48505365498248, 72.49006896744442, 73.46249880087029, 72.7918887161112, 71.91785302041889, 72.29416544654713, 72.91921092699071, 71.57849350796717]",724.6706032903217
16.75,ramp-up,Round-Robin,97,10,525.084158926806,525.084158926806,"[74.76357509102206, 73.92743919401828, 74.58654910987674, 74.51579200096039, 75.34291119559319, 74.86364343078692, 74.0042060827485, 74.62718927874452, 74.84583668033994, 73.7858195558425]",745.2629616199331
17.0,ramp-up,Round-Robin,105,10,531.395899785773,531.395899785773,"[77.04051034027034, 76.19429993222948, 76.69484798164339, 76.70014770303384, 77.58425750366726, 77.38193863426432, 76.11326119480609, 76.74115470119972, 76.97725305145538, 76.02020397043806]",767.4478750130079
17.25,ramp-up,Round-Robin,97,10,538.4336334319421,538.4336334319421,"[79.10263904411623, 78.23669704537377, 78.65281420416686, 78.71290870708134, 79.84407053216394, 79.55819367358848, 77.919560488719, 78.55093219371123, 78.90408243508081, 78.1201913426552]",787.6020896666569
17.5,ramp-up,Round-Robin,92,10,533.0768381351191,533.0768381351191,"[80.77348041350022, 80.20031735373735, 80.42944227063646, 80.40247505567656, 81.59141504668568, 81.34510700761405, 79.96505203627352, 80.66322301152277, 80.65582381480222, 80.14076033896531]",806.1670963494141
17.75,ramp-up,Round-Robin,99,10,570.2126967633342,570.2126967633342,"[83.16387972904309, 82.21930919730652, 82.75056387965859, 82.52677158398033, 83.82822477787695, 83.58818967446295, 82.18094521369005, 82.547715989852, 82.97218154674576, 82.11226521863934]",827.8900468112556
18.0,ramp-up,Round-Robin,101,10,561.8637674132724,561.8637674132724,"[85.213728945765, 84.36927009952555, 84.72814334970025, 84.35668243035245, 85.92224279624463, 85.47600378804259, 84.08569052050194, 84.62881108433974, 84.90324278667516, 84.28716843339237]",847.9709842345396
18.25,ramp-up,Round-Robin,97,10,656.0010427037961,656.0010427037961,"[87.51836022270928, 86.52031851645773, 86.92410622811724, 86.6260103697785, 88.18843698880583, 87.60589239095806, 86.13507383803797, 86.51414658295673, 87.06229640765774, 86.4206112531609]",869.51525279864
18.5,ramp-up,Round-Robin,100,10,736.8396625581183,736.8396625581183,"[89.53013313949545, 88.62705538383784, 89.12394852684177, 88.8156023144719, 90.02849072372781, 89.66863815950856, 88.04168463846425, 88.64066064760021, 89.22920020068591, 88.24297471550187]",889.9483884501356
18.75,ramp-up,Round-Robin,113,10,820.3756551865375,820.3756551865375,"[91.87946034624245, 91.07417434570394, 91.17069789635845, 91.16625579758674, 92.49078727197946, 92.1599325510059, 90.53273421276934, 90.9472716107336, 91.70977900778881, 90.67546983017566]",913.8065628703444
19.0,ramp-up,Round-Robin,97,10,922.3083642102179,922.3083642102179,"[93.86130987176746, 93.3070236524956, 93.48993607332594, 93.45360938658206, 94.55528328321793, 93.9144347547484, 92.50633857270473, 93.04915457995627, 93.96720786928373, 92.96376365005953]",935.0680616941416
19.25,ramp-up,Round-Robin,115,10,1101.9224882870692,1101.9224882870692,"[96.2955574332674, 95.81892821866522, 95.85855899552254, 95.6037426152216, 97.0709050155312, 96.51121495389467, 95.22076117719745, 95.69265047625406, 96.32882647627405, 95.50823872795108]",959.9093840897792
19.5,ramp-up,Round-Robin,117,10,1261.3119247656477,1261.3119247656477,"[98.59800786667437, 98.41094166173032, 98.61244640946293, 98.3812487115145, 99.4691198027532, 99.0845144789238, 97.98259857632301, 97.86447157254759, 98.78364715382577, 97.725620820921]",984.9126170546765
19.75,ramp-up,Round-Robin,103,10,1422.0466408776958,1422.0466408776958,"[100.47993931606084, 100.37068473364592, 100.51095666516336, 100.23577654840231, 101.48212588711, 101.24033929065729, 100.23586852826655, 100.298289075457, 101.04052021487595, 99.93079890471896]",1005.8252991643582
20.0,ramp-up,Round-Robin,117,10,1693.3056084155237,1693.3056084155237,"[102.92784750530282, 103.14012909641446, 102.83465046926082, 102.60818999160311, 103.95885849222265, 103.89818771397512, 102.79976802764156, 102.82461118847715, 103.19009320763412, 102.31480519933534]",1030.497140891867
20.25,ramp-up,Round-Robin,108,10,1824.471195100786,1824.471195100786,"[105.38092434949989, 105.60493108177417, 105.3031981999372, 104.85739496273631, 106.21573738288882, 105.94480857307234, 104.7652105390342, 105.218486537786, 105.71050453392127, 104.51129964842724]",1053.5124958090773
20.5,ramp-up,Round-Robin,107,10,1974.470846292381,1974.470846292381,"[107.88180827629427, 107.85524047302927, 107.39931422509868, 106.99272839832395, 108.4246625263201, 108.09346063176605, 107.12586152070901, 107.41101094899969, 108.23091511412805, 106.79017962761539]",1076.2051817422844
20.75,ramp-up,Round-Robin,117,10,2417.2774459147518,2417.2774459147518,"[110.24120641110508, 110.4155306644265, 109.9848952577889, 109.55995816665217, 111.13778748686667, 110.79521048091766, 109.6245266147757, 109.96905227028499, 110.95729727309048, 109.11839744125645]",1101.8038620671646
21.0,ramp-up,Round-Robin,117,10,2875.315290394464,2875.315290394464,"[112.58830960348084, 113.0861825522912, 112.35871777597461, 112.34601710569872, 113.91764724506226, 113.4919085273479, 111.78958166213854, 112.27319172316469, 113.52581228329615, 111.62557720998696]",1127.002945688442
21.25,ramp-up,Round-Robin,114,10,3092.6129825089547,3092.6129825089547,"[114.76625717735854, 115.34710222688312, 114.8090183875126, 114.75668419700419, 116.25376166049875, 115.78219680411301, 114.22970020391426, 114.7107551529541, 115.8313193549777, 114.14919254009453]",1150.6359877053108
21.5,ramp-up,Round-Robin,127,10,3499.937951492716,3499.937951492716,"[117.49835764353145, 118.14681348615306, 117.29554957494534, 117.37361114683924, 118.79859292400216, 118.58173988883193, 117.07582657064982, 117.01645667945486, 118.56922305564613, 116.60359153056754]",1176.9597625006215
21.75,ramp-up,Round-Robin,125,10,3964.7930816183552,3964.7930816183552,"[119.98139503427873, 121.04601949970663, 119.61274233542956, 120.1107208591409, 121.27014823066789, 121.24465155472181, 119.4605365611542, 119.67151395241576, 121.34782265381706, 119.13507680364955]",1202.8806274849821
22.0,ramp-up,Round-Robin,117,10,4185.137932361241,4185.137932361241,"[122.15087915051471, 123.55042571928864, 122.34544329184037, 122.41142652407555, 123.65407206165831, 123.9537799607247, 122.17172071337941, 122.0842550051685, 123.86569857671813, 121.6707153441012]",1227.8584163474695
22.25,ramp-up,Round-Robin,121,10,4885.256378219639,4885.256378219639,"[124.75019184412325, 126.01247575952509, 124.69272708423638, 124.66856711350219, 126.26500615108941, 126.49427714981542, 124.68312437358554, 124.40022858336293, 126.23079636135677, 124.11407882463487]",1252.3114732452318
22.5,ramp-up,Round-Robin,113,10,5111.340193896596,5111.340193896596,"[126.96856965326971, 128.67494135504685, 127.2252338888905, 126.97428327512573, 128.30283175574533, 128.64235762931042, 127.0810230508619, 126.57229636703275, 128.70189140975927, 126.43859744533803]",1275.5820258303804
22.75,ramp-up,Round-Robin,120,10,5773.798825978748,5773.798825978748,"[129.44650027048232, 131.23971765108803, 129.56486417520782, 129.44500749275673, 130.7551758059716, 130.945626073912, 129.29291322554312, 128.76293815290336, 131.3363046733537, 128.90608292323307]",1299.6951304444517
23.0,ramp-up,Round-Robin,116,10,6130.809474744926,6130.809474744926,"[131.81291572221386, 133.63420372127607, 131.96873484338755, 132.07653422434342, 133.35349769348466, 133.71635050009945, 131.69166406698997, 131.24189525868834, 133.79999523354047, 131.01047094147253]",1324.3062622054963
23.25,ramp-up,Round-Robin,126,10,6659.6267336101055,6659.6267336101055,"[134.72082379108292, 136.5395111711365, 134.89354800606966, 134.6230721309888, 135.85459376019878, 136.04883434650625, 134.09002459967232, 133.91730056873615, 136.4525060155734, 133.55806012768738]",1350.6982745176522
23.5,ramp-up,Round-Robin,129,10,7261.241024373164,7261.241024373164,"[137.69609871292846, 139.3031295027614, 137.87726271961873, 137.44953961956566, 138.66385306794282, 138.59043029650292, 137.08654548984987, 136.6975659889541, 139.43683476718562, 136.27226821389928]",1379.073528379209
23.75,ramp-up,Round-Robin,126,10,7766.862832602722,7766.862832602722,"[140.32479561480793, 141.96371585618806, 140.39100346587577, 140.03558013678605, 141.20804546895334, 141.38359773572196, 139.53710963462453, 139.29436514599172, 142.29892391216657, 138.8119897454804]",1405.2491267165963
24.0,ramp-up,Round-Robin,122,10,8708.1420114895,8708.1420114895,"[142.80608633945639, 144.5367133982537, 142.59387309981338, 142.3888201461039, 143.81066105823783, 143.67259917017287, 142.06336272776295, 141.79618836718348, 144.61634959613, 141.34642982209954]",1429.631083725214
24.25,ramp-up,Round-Robin,127,10,9394.068009185527,9394.068009185527,"[145.26370659627003, 147.27380421252292, 145.60539198039908, 145.04263774201706, 146.77061936756502, 146.3354686559018, 144.63262019433515, 144.7817385930149, 147.5855261601751, 143.8373527775061]",1457.1288662797072
24.5,ramp-up,Round-Robin,140,10,9848.979045778253,9848.979045778253,"[147.9269485336682, 150.09325493567147, 148.15260067888485, 148.11965867286503, 149.66132252043423, 149.2214665222062, 147.16367558358306, 147.68799845210626, 150.33892047667564, 146.57029488474558]",1484.9361412608405
24.75,ramp-up,Round-Robin,133,10,10580.283408420413,10580.283408420413,"[150.57940606881266, 153.1423882917808, 150.60241505291572, 150.89604230430763, 152.11795731084283, 151.67612120023423, 149.61420787640205, 150.187678476134, 152.8391871501055, 149.29472740447665]",1510.950131136012
25.0,ramp-up,Round-Robin,131,10,12429.682534686226,12429.682534686226,"[153.28934183022443, 155.97559343497818, 153.6114859941242, 153.6046097958905, 154.5541090250002, 154.081324521188, 152.24034147821152, 152.9248258113888, 155.2502633608882, 151.786814866318]",1537.318710118212
25.25,ramp-up,Round-Robin,146,10,12846.576789823383,12846.576789823383,"[156.34864930456706, 158.65907254165123, 156.68227713295147, 156.4412445862368, 157.8937562294467, 157.3032580583423, 155.1547411386579, 155.95592291163317, 158.33139721936013, 154.77795017378418]",1567.548269296631
25.5,ramp-up,Round-Robin,142,10,13275.73693115811,13275.73693115811,"[159.4791479667614, 161.66771717004733, 159.30249325697397, 159.3926690743983, 160.48306738218452, 160.39457930752624, 157.80127772442776, 158.7482266546795, 161.22294339145864, 158.0017271624836]",1596.4938490909412
25.75,ramp-up,Round-Robin,140,10,14381.33079958598,14381.33079958598,"[162.0623929552107, 164.41803635773903, 161.8482377591866, 162.05917228004625, 163.17904063131388, 163.30913748635538, 160.70091792019906, 161.69804273692185, 164.06586683600773, 160.83813400886854]",1624.1789789718491
26.0,ramp-up,Round-Robin,150,10,15490.639480068981,15490.639480068981,"[164.99331892565473, 167.6214561704769, 164.8832443012079, 165.35184725490313, 165.9117803004505, 166.39517671628948, 163.4950743441801, 164.90735008178746, 167.27698952687535, 164.0597833896362]",1654.8960210114617
26.25,ramp-up,Round-Robin,145,10,17146.930685374093,17146.930685374093,"[168.06805047253624, 170.68927729358944, 168.20432962019828, 168.41902948924968, 168.77537854872375, 169.4935481920907, 166.48403068600035, 167.57688320824593, 170.12614588452718, 166.99291937625102]",1684.8295927714125
26.5,ramp-up,Round-Robin,136,10,17579.67389332161,17579.67389332161,"[170.72774719710668, 173.4474614723969, 170.89955585073463, 171.17175154898737, 171.5605268842281, 172.19893291460562, 169.49581633455614, 170.6229766924113, 172.82073552580692, 170.06436222768122]",1713.0098666485148
26.75,ramp-up,Round-Robin,141,10,19323.51247202678,19323.51247202678,"[173.6700540446401, 176.39242080223144, 173.6821606000684, 174.0542719450896, 174.20430136212792, 175.26157488476798, 172.2554099548683, 173.41875064108854, 175.7994566334648, 173.00663061144192]",1741.745031479789
27.0,ramp-up,Round-Robin,139,10,20281.386053279726,20281.386053279726,"[176.64935591533325, 179.39051795335283, 176.21116641279974, 177.29371568046525, 177.38623576409256, 178.2314023350354, 175.24037636271515, 176.64976338025863, 178.5870692868121, 176.0334490253216]",1771.6730521161865
27.25,ramp-up,Round-Robin,143,10,21061.44631085107,21061.44631085107,"[179.37985275866814, 182.51569345690564, 179.55910730254595, 180.32485725258704, 180.2218593246744, 181.04149274548135, 178.21478453367632, 179.6518635475408, 181.3320476000066, 179.00870377087463]",1801.250262292961
27.5,ramp-up,Round-Robin,154,10,22585.82134843869,22585.82134843869,"[182.55230597355722, 185.87802255183365, 182.6415056609966, 183.52455342840307, 183.19244626548132, 184.0691985909794, 181.39785253209197, 182.91898621662907, 184.65838625543662, 182.19167262951478]",1833.0249301049237
27.75,ramp-up,Round-Robin,155,10,23605.88497257425,23605.88497257425,"[185.65424156895193, 189.3431446641559, 185.7177230212631, 186.68371969018807, 186.1377940901054, 187.3796153159478, 184.61602133931765, 185.89197336752525, 187.91561450322462, 185.18299484245472]",1864.5228424031345
28.0,ramp-up,Round-Robin,148,10,25639.60329221754,25639.60329221754,"[188.6800291986005, 192.6071045995058, 188.93020202947503, 189.57715204218414, 189.58642973515288, 190.84033527628728, 187.65761865524306, 189.08491611316614, 190.767808533435, 188.185842435586]",1895.9174386186357
28.25,ramp-up,Round-Robin,159,10,25914.279098230338,25914.279098230338,"[192.2467043983032, 196.08239292701396, 192.17106616941487, 192.7390919495622, 193.0899071189031, 194.00873144540313, 190.81710416437724, 192.47427658564175, 194.06479453492258, 191.5175137181209]",1929.211583011663
28.5,ramp-up,Round-Robin,155,10,27284.984057880953,27284.984057880953,"[195.61478115495734, 199.45869465323952, 195.57791370865172, 196.03285557072363, 196.43787393266936, 197.2150679335912, 194.09320366249096, 195.4613491689725, 196.99117098448767, 194.42151255859284]",1961.3044233283767
28.75,ramp-up,Round-Robin,161,10,31364.531731734816,31364.531731734816,"[198.99749141903044, 202.69833594201032, 199.11774412584893, 199.46131090091944, 199.96772371193362, 200.1187375140052, 197.62875757459912, 198.64635887557984, 200.47166670375375, 197.7147360651]",1994.8228628327806
29.0,ramp-up,Round-Robin,157,10,31276.373455329198,31276.373455329198,"[202.55266027394273, 205.95480791417452, 202.66002570650446, 202.76494290849735, 202.82126255498542, 203.50885836439807, 200.57565535422148, 201.99564053526495, 204.1110721992789, 200.8325557976546]",2027.7774816089225
29.25,ramp-up,Round-Robin,157,10,33769.36466244606,33769.36466244606,"[206.02809250860946, 209.39387653677542, 205.97285553951525, 205.99698331654926, 206.45501629747298, 207.01378143594846, 203.68436341180288, 205.30840299241865, 207.33865807009104, 203.89701975747465]",2061.089049866658
29.5,ramp-up,Round-Robin,154,10,33630.863163076014,33630.863163076014,"[209.21484452772333, 212.69672788353543, 209.34562886120722, 209.35462049599462, 209.90292644890502, 210.1465159721495, 206.8881067431348, 208.12511809041482, 210.68233548419352, 206.73439925126655]",2093.091223758525
29.75,ramp-up,Round-Robin,152,10,36253.556044010824,36253.556044010824,"[212.18856800750416, 215.91759852813817, 212.41342933814084, 212.67438212916352, 212.7265243756798, 213.5013992736368, 210.39648820095204, 211.34448850073215, 213.86176482677595, 209.69726260432594]",2124.7219057850493
0.0,ramp-up,Least-CPU,20,0,242.19258249243236,242.19258249243236,"[4.322837100779637, 0, 0, 0, 0, 0, 0, 0, 0, 0]",4.322837100779637
0.25,ramp-up,Least-CPU,4,0,257.2965751780044,257.2965751780044,"[4.322837100779637, 0.7860247193641997, 0, 0, 0, 0, 0, 0, 0, 0]",5.1088618201438365
0.5,ramp-up,Least-CPU,2,0,233.04771787821977,233.04771787821977,"[4.322837100779637, 0.7860247193641997, 0.401004215563807, 0, 0, 0, 0, 0, 0, 0]",5.509866035707644
0.75,ramp-up,Least-CPU,11,0,266.73741834340314,266.73741834340314,"[4.322837100779637, 0.7860247193641997, 0.401004215563807, 2.0771467065172597, 0, 0, 0, 0, 0, 0]",7.587012742224903
1.0,ramp-up,Least-CPU,12,0,234.06789923868251,234.06789923868251,"[4.322837100779637, 0.7860247193641997, 0.401004215563807, 2.0771467065172597, 2.2532765833662363, 0, 0, 0, 0, 0]",9.84028932559114
1.25,ramp-up,Least-CPU,13,0,267.6125563883738,267.6125563883738,"[4.322837100779637, 0.7860247193641997, 0.401004215563807, 2.0771467065172597, 2.2532765833662363, 2.7558232278748767, 0, 0, 0, 0]",12.596112553466016
1.5,ramp-up,Least-CPU,11,0,271.61849327015744,271.61849327015744,"[4.322837100779637, 0.7860247193641997, 0.401004215563807, 2.0771467065172597, 2.2532765833662363, 2.7558232278748767, 2.3546105978672087, 0, 0, 0]",14.950723151333225
1.75,ramp-up,Least-CPU,11,0,248.06326018447973,248.06326018447973,"[4.322837100779637, 0.7860247193641997, 0.401004215563807, 2.0771467065172597, 2.2532765833662363, 2.7558232278748767, 2.3546105978672087, 2.417497742187191, 0, 0]",17.368220893520416
2.0,ramp-up,Least-CPU,27,1,239.53263337600427,239.53263337600427,"[4.322837100779637, 0.7860247193641997, 0.401004215563807, 2.0771467065172597, 2.2532765833662363, 2.7558232278748767, 2.3546105978672087, 2.417497742187191, 5.4536377784534995, 0]",22.821858671973914
2.25,ramp-up,Least-CPU,13,1,229.9101200690186,229.9101200690186,"[4.322837100779637, 0.7860247193641997, 0.401004215563807, 2.0771467065172597, 2.2532765833662363, 2.7558232278748767, 2.3546105978672087, 2.417497742187191, 5.4536377784534995, 2.375028633850497]",25.19688730582441
2.5,ramp-up,Least-CPU,30,2,249.35952050668743,249.35952050668743,"[4.322837100779637, 0.7860247193641997, 6.671711324364775, 2.0771467065172597, 2.2532765833662363, 2.7558232278748767, 2.3546105978672087, 2.417497742187191, 5.4536377784534995, 2.375028633850497]",31.46759441462538
2.75,ramp-up,Least-CPU,26,3,231.41075732979758,231.41075732979758,"[4.322837100779637, 5.810109688314232, 6.671711324364775, 2.0771467065172597, 2.2532765833662363, 2.7558232278748767, 2.3546105978672087, 2.417497742187191, 5.4536377784534995, 2.375028633850497]",36.491679383575416
3.0,ramp-up,Least-CPU,16,4,230.00225286377116,230.00225286377116,"[4.322837100779637, 5.810109688314232, 6.671711324364775, 5.376649414163309, 2.2532765833662363, 2.7558232278748767, 2.3546105978672087, 2.417497742187191, 5.4536377784534995, 2.375028633850497]",39.791182091221465
3.25,ramp-up,Least-CPU,16,5,270.0059295421461,270.0059295421461,"[4.322837100779637, 5.810109688314232, 6.671711324364775, 5.376649414163309, 5.529766680745009, 2.7558232278748767, 2.3546105978672087, 2.417497742187191, 5.4536377784534995, 2.375028633850497]",43.067672188600234
3.5,ramp-up,Least-CPU,19,6,247.53229891074676,247.53229891074676,"[4.322837100779637, 5.810109688314232, 6.671711324364775, 5.376649414163309, 5.529766680745009, 2.7558232278748767, 6.01612791016484, 2.417497742187191, 5.4536377784534995, 2.375028633850497]",46.72918950089787
3.75,ramp-up,Least-CPU,24,7,240.28377447033606,240.28377447033606,"[4.322837100779637, 5.810109688314232, 6.671711324364775, 5.376649414163309, 5.529766680745009, 2.7558232278748767, 6.01612791016484, 2.417497742187191, 5.4536377784534995, 7.286717366899572]",51.64087823394694
4.0,ramp-up,Least-CPU,27,8,253.2776003952555,253.2776003952555,"[4.322837100779637, 5.810109688314232, 6.671711324364775, 5.376649414163309, 5.529766680745009, 2.7558232278748767, 6.01612791016484, 7.908401269660004, 5.4536377784534995, 7.286717366899572]",57.13178176141976
4.25,ramp-up,Least-CPU,37,9,240.81665797481648,240.81665797481648,"[4.322837100779637, 5.810109688314232, 6.671711324364775, 5.376649414163309, 5.529766680745009, 9.955273512679248, 6.01612791016484, 7.908401269660004, 5.4536377784534995, 7.286717366899572]",64.33123204622413
4.5,ramp-up,Least-CPU,41,10,225.24159413323358,225.24159413323358,"[12.405261225233366, 5.810109688314232, 6.671711324364775, 5.376649414163309, 5.529766680745009, 9.955273512679248, 6.01612791016484, 7.908401269660004, 5.4536377784534995, 7.286717366899572]",72.41365617067785
4.75,ramp-up,Least-CPU,23,10,236.076285210326,236.076285210326,"[12.405261225233366, 5.810109688314232, 6.671711324364775, 9.743130541625156, 5.529766680745009, 9.955273512679248, 6.01612791016484, 7.908401269660004, 5.4536377784534995, 7.286717366899572]",76.7801372981397
5.0,ramp-up,Least-CPU,42,10,246.80620330448443,246.80620330448443,"[12.405261225233366, 5.810109688314232, 6.671711324364775, 9.743130541625156, 5.529766680745009, 9.955273512679248, 6.01612791016484, 7.908401269660004, 14.256529021230376, 7.286717366899572]",85.58302854091659
5.25,ramp-up,Least-CPU,32,10,231.71529161914444,231.71529161914444,"[12.405261225233366, 5.810109688314232, 6.671711324364775, 9.743130541625156, 12.365107555984249, 9.955273512679248, 6.01612791016484, 7.908401269660004, 14.256529021230376, 7.286717366899572]",92.41836941615583
5.5,ramp-up,Least-CPU,47,10,268.8942914753981,268.8942914753981,"[12.405261225233366, 15.648098544326892, 6.671711324364775, 9.743130541625156, 12.365107555984249, 9.955273512679248, 6.01612791016484, 7.908401269660004, 14.256529021230376, 7.286717366899572]",102.25635827216848
5.75,ramp-up,Least-CPU,45,10,242.93708010567985,242.93708010567985,"[12.405261225233366, 15.648098544326892, 6.671711324364775, 9.743130541625156, 12.365107555984249, 9.955273512679248, 14.94925498710094, 7.908401269660004, 14.256529021230376, 7.286717366899572]",111.18948534910457
6.0,ramp-up,Least-CPU,43,10,252.5835913080099,252.5835913080099,"[12.405261225233366, 15.648098544326892, 14.937122814250753, 9.743130541625156, 12.365107555984249, 9.955273512679248, 14.94925498710094, 7.908401269660004, 14.256529021230376, 7.286717366899572]",119.45489683899055
6.25,ramp-up,Least-CPU,38,10,255.3313833035431,255.3313833035431,"[12.405261225233366, 15.648098544326892, 14.937122814250753, 9.743130541625156, 12.365107555984249, 9.955273512679248, 14.94925498710094, 7.908401269660004, 14.256529021230376, 14.393888011460316]",126.5620674835513
6.5,ramp-up,Least-CPU,46,10,267.93568276853995,267.93568276853995,"[12.405261225233366, 15.648098544326892, 14.937122814250753, 9.743130541625156, 12.365107555984249, 9.955273512679248, 14.94925498710094, 17.737300381082406, 14.256529021230376, 14.393888011460316]",136.3909665949737
6.75,ramp-up,Least-CPU,51,10,251.93090185390116,251.93090185390116,"[12.405261225233366, 15.648098544326892, 14.937122814250753, 19.208733945806205, 12.365107555984249, 9.955273512679248, 14.94925498710094, 17.737300381082406, 14.256529021230376, 14.393888011460316]",145.85656999915474
7.0,ramp-up,Least-CPU,43,10,269.3167916039448,269.3167916039448,"[12.405261225233366, 15.648098544326892, 14.937122814250753, 19.208733945806205, 12.365107555984249, 18.148037111700212, 14.94925498710094, 17.737300381082406, 14.256529021230376, 14.393888011460316]",154.0493335981757
7.25,ramp-up,Least-CPU,36,10,228.76999783966883,228.76999783966883,"[12.405261225233366, 15.648098544326892, 14.937122814250753, 19.208733945806205, 18.95521338110664, 18.148037111700212, 14.94925498710094, 17.737300381082406, 14.256529021230376, 14.393888011460316]",160.6394394232981
7.5,ramp-up,Least-CPU,42,10,250.3589155642787,250.3589155642787,"[19.99656012061704, 15.648098544326892, 14.937122814250753, 19.208733945806205, 18.95521338110664, 18.148037111700212, 14.94925498710094, 17.737300381082406, 14.256529021230376, 14.393888011460316]",168.23073831868177
7.75,ramp-up,Least-CPU,51,10,254.0945245246965,254.0945245246965,"[19.99656012061704, 15.648098544326892, 14.937122814250753, 19.208733945806205, 18.95521338110664, 18.148037111700212, 14.94925498710094, 17.737300381082406, 23.500165252487328, 14.393888011460316]",177.47437454993872
8.0,ramp-up,Least-CPU,50,10,254.50181559203594,254.50181559203594,"[19.99656012061704, 15.648098544326892, 14.937122814250753, 19.208733945806205, 18.95521338110664, 18.148037111700212, 14.94925498710094, 17.737300381082406, 23.500165252487328, 24.204156946562545]",187.28464348504096
8.25,ramp-up,Least-CPU,49,10,252.5796999263079,252.5796999263079,"[19.99656012061704, 15.648098544326892, 25.533477825951195, 19.208733945806205, 18.95521338110664, 18.148037111700212, 14.94925498710094, 17.737300381082406, 23.500165252487328, 24.204156946562545]",197.8809984967414
8.5,ramp-up,Least-CPU,46,10,274.9364087505926,274.9364087505926,"[19.99656012061704, 15.648098544326892, 25.533477825951195, 19.208733945806205, 18.95521338110664, 18.148037111700212, 24.229238543110277, 17.737300381082406, 23.500165252487328, 24.204156946562545]",207.16098205275074
8.75,ramp-up,Least-CPU,49,10,263.7598619418714,263.7598619418714,"[19.99656012061704, 25.393422287861426, 25.533477825951195, 19.208733945806205, 18.95521338110664, 18.148037111700212, 24.229238543110277, 17.737300381082406, 23.500165252487328, 24.204156946562545]",216.90630579628527
9.0,ramp-up,Least-CPU,55,10,236.16533238121775,236.16533238121775,"[19.99656012061704, 25.393422287861426, 25.533477825951195, 19.208733945806205, 18.95521338110664, 18.148037111700212, 24.229238543110277, 28.44210136730903, 23.500165252487328, 24.204156946562545]",227.6111067825119
9.25,ramp-up,Least-CPU,49,10,261.66134136064505,261.66134136064505,"[19.99656012061704, 25.393422287861426, 25.533477825951195, 19.208733945806205, 18.95521338110664, 28.481441005078718, 24.229238543110277, 28.44210136730903, 23.500165252487328, 24.204156946562545]",237.9445106758904
9.5,ramp-up,Least-CPU,49,10,248.23505710852265,248.23505710852265,"[19.99656012061704, 25.393422287861426, 25.533477825951195, 19.208733945806205, 28.34557173512681, 28.481441005078718, 24.229238543110277, 28.44210136730903, 23.500165252487328, 24.204156946562545]",247.33486902991058
9.75,ramp-up,Least-CPU,60,10,244.83925788248538,244.83925788248538,"[19.99656012061704, 25.393422287861426, 25.533477825951195, 31.233722729831292, 28.34557173512681, 28.481441005078718, 24.229238543110277, 28.44210136730903, 23.500165252487328, 24.204156946562545]",259.35985781393566
10.0,ramp-up,Least-CPU,53,10,258.1339244689348,258.1339244689348,"[30.601154732309872, 25.393422287861426, 25.533477825951195, 31.233722729831292, 28.34557173512681, 28.481441005078718, 24.229238543110277, 28.44210136730903, 23.500165252487328, 24.204156946562545]",269.9644524256285
10.25,ramp-up,Least-CPU,62,10,265.3270028463949,265.3270028463949,"[30.601154732309872, 25.393422287861426, 25.533477825951195, 31.233722729831292, 28.34557173512681, 28.481441005078718, 24.229238543110277, 28.44210136730903, 36.76316021594492, 24.204156946562545]",283.2274473890861
10.5,ramp-up,Least-CPU,63,10,233.29217760160793,233.29217760160793,"[30.601154732309872, 25.393422287861426, 25.533477825951195, 31.233722729831292, 28.34557173512681, 28.481441005078718, 24.229238543110277, 28.44210136730903, 36.76316021594492, 37.09152760749407]",296.1148180500176
10.75,ramp-up,Least-CPU,72,10,247.31102219195012,247.31102219195012,"[30.601154732309872, 25.393422287861426, 25.533477825951195, 31.233722729831292, 28.34557173512681, 28.481441005078718, 38.66995218299746, 28.44210136730903, 36.76316021594492, 37.09152760749407]",310.5555316899048
11.0,ramp-up,Least-CPU,63,10,272.435591580649,272.435591580649,"[30.601154732309872, 37.18486815131115, 25.533477825951195, 31.233722729831292, 28.34557173512681, 28.481441005078718, 38.66995218299746, 28.44210136730903, 36.76316021594492, 37.09152760749407]",322.3469775533545
11.25,ramp-up,Least-CPU,57,10,273.38677799187565,273.38677799187565,"[30.601154732309872, 37.18486815131115, 37.29694016580398, 31.233722729831292, 28.34557173512681, 28.481441005078718, 38.66995218299746, 28.44210136730903, 36.76316021594492, 37.09152760749407]",334.1104398932073
11.5,ramp-up,Least-CPU,71,10,249.17517078637155,249.17517078637155,"[30.601154732309872, 37.18486815131115, 37.29694016580398, 31.233722729831292, 43.21558399221772, 28.481441005078718, 38.66995218299746, 28.44210136730903, 36.76316021594492, 37.09152760749407]",348.9804521502982
11.75,ramp-up,Least-CPU,75,10,235.94095586295143,235.94095586295143,"[30.601154732309872, 37.18486815131115, 37.29694016580398, 31.233722729831292, 43.21558399221772, 28.481441005078718, 38.66995218299746, 43.01848798384645, 36.76316021594492, 37.09152760749407]",363.55683876683565
12.0,ramp-up,Least-CPU,63,10,228.14305807067348,228.14305807067348,"[30.601154732309872, 37.18486815131115, 37.29694016580398, 31.233722729831292, 43.21558399221772, 41.050299218980314, 38.66995218299746, 43.01848798384645, 36.76316021594492, 37.09152760749407]",376.12569698073725
12.25,ramp-up,Least-CPU,73,10,227.14042204193237,227.14042204193237,"[44.8199054738165, 37.18486815131115, 37.29694016580398, 31.233722729831292, 43.21558399221772, 41.050299218980314, 38.66995218299746, 43.01848798384645, 36.76316021594492, 37.09152760749407]",390.34444772224384
12.5,ramp-up,Least-CPU,64,10,270.386304628648,270.386304628648,"[44.8199054738165, 37.18486815131115, 37.29694016580398, 43.283064361108096, 43.21558399221772, 41.050299218980314, 38.66995218299746, 43.01848798384645, 36.76316021594492, 37.09152760749407]",402.3937893535207
12.75,ramp-up,Least-CPU,80,10,248.48371145051047,248.48371145051047,"[44.8199054738165, 37.18486815131115, 37.29694016580398, 43.283064361108096, 43.21558399221772, 41.050299218980314, 38.66995218299746, 43.01848798384645, 52.319164582535734, 37.09152760749407]",417.9497937201115
13.0,ramp-up,Least-CPU,74,10,227.32187287505892,227.32187287505892,"[44.8199054738165, 37.18486815131115, 37.29694016580398, 43.283064361108096, 43.21558399221772, 41.050299218980314, 38.66995218299746, 43.01848798384645, 52.319164582535734, 51.75727221888694]",432.61553833150435
13.25,ramp-up,Least-CPU,86,10,241.20355550319888,241.20355550319888,"[44.8199054738165, 56.03809700160822, 37.29694016580398, 43.283064361108096, 43.21558399221772, 41.050299218980314, 38.66995218299746, 43.01848798384645, 52.319164582535734, 51.75727221888694]",451.4687671818014
13.5,ramp-up,Least-CPU,86,10,251.06864520667753,251.06864520667753,"[44.8199054738165, 56.03809700160822, 55.1977928755998, 43.283064361108096, 43.21558399221772, 41.050299218980314, 38.66995218299746, 43.01848798384645, 52.319164582535734, 51.75727221888694]",469.3696198915972
13.75,ramp-up,Least-CPU,79,10,266.7436133108697,266.7436133108697,"[44.8199054738165, 56.03809700160822, 55.1977928755998, 43.283064361108096, 43.21558399221772, 41.050299218980314, 55.511637194863, 43.01848798384645, 52.319164582535734, 51.75727221888694]",486.21130490346275
14.0,ramp-up,Least-CPU,88,10,252.2175031044186,252.2175031044186,"[44.8199054738165, 56.03809700160822, 55.1977928755998, 43.283064361108096, 43.21558399221772, 57.81717178321254, 55.511637194863, 43.01848798384645, 52.319164582535734, 51.75727221888694]",502.978177467695
14.25,ramp-up,Least-CPU,77,10,257.6837656566942,257.6837656566942,"[44.8199054738165, 56.03809700160822, 55.1977928755998, 43.283064361108096, 43.21558399221772, 57.81717178321254, 55.511637194863, 57.41394541850151, 52.319164582535734, 51.75727221888694]",517.3736349023501
14.5,ramp-up,Least-CPU,74,10,257.6668273278425,257.6668273278425,"[44.8199054738165, 56.03809700160822, 55.1977928755998, 43.283064361108096, 57.61686245507122, 57.81717178321254, 55.511637194863, 57.41394541850151, 52.319164582535734, 51.75727221888694]",531.7749133652036
14.75,ramp-up,Least-CPU,74,10,250.83314487769692,250.83314487769692,"[44.8199054738165, 56.03809700160822, 55.1977928755998, 59.07605280143096, 57.61686245507122, 57.81717178321254, 55.511637194863, 57.41394541850151, 52.319164582535734, 51.75727221888694]",547.5679018055264
15.0,ramp-up,Least-CPU,82,10,270.362121322341,270.362121322341,"[60.81426387563933, 56.03809700160822, 55.1977928755998, 59.07605280143096, 57.61686245507122, 57.81717178321254, 55.511637194863, 57.41394541850151, 52.319164582535734, 51.75727221888694]",563.5622602073493
15.25,ramp-up,Least-CPU,85,10,242.6449003879863,242.6449003879863,"[60.81426387563933, 56.03809700160822, 55.1977928755998, 59.07605280143096, 57.61686245507122, 57.81717178321254, 55.511637194863, 57.41394541850151, 52.319164582535734, 68.81293627825667]",580.617924266719
15.5,ramp-up,Least-CPU,79,10,249.3430781337088,249.3430781337088,"[60.81426387563933, 56.03809700160822, 55.1977928755998, 59.07605280143096, 57.61686245507122, 57.81717178321254, 55.511637194863, 57.41394541850151, 69.28115795564888, 68.81293627825667]",597.5799176398322
15.75,ramp-up,Least-CPU,85,10,476.97561598273245,476.97561598273245,"[60.81426387563933, 56.03809700160822, 72.13696718062442, 59.07605280143096, 57.61686245507122, 57.81717178321254, 55.511637194863, 57.41394541850151, 69.28115795564888, 68.81293627825667]",614.5190919448568
16.0,ramp-up,Least-CPU,83,10,433.4255199064975,433.4255199064975,"[60.81426387563933, 56.03809700160822, 72.13696718062442, 59.07605280143096, 57.61686245507122, 57.81717178321254, 72.11773598330586, 57.41394541850151, 69.28115795564888, 68.81293627825667]",631.1251907332996
16.25,ramp-up,Least-CPU,93,10,432.51252654882825,432.51252654882825,"[60.81426387563933, 73.39415066104408, 72.13696718062442, 59.07605280143096, 57.61686245507122, 57.81717178321254, 72.11773598330586, 57.41394541850151, 69.28115795564888, 68.81293627825667]",648.4812443927354
16.5,ramp-up,Least-CPU,90,10,455.1736312982916,455.1736312982916,"[60.81426387563933, 73.39415066104408, 72.13696718062442, 59.07605280143096, 57.61686245507122, 57.81717178321254, 72.11773598330586, 75.93046262709943, 69.28115795564888, 68.81293627825667]",666.9977616013334
16.75,ramp-up,Least-CPU,97,10,469.21284665898213,469.21284665898213,"[60.81426387563933, 73.39415066104408, 72.13696718062442, 59.07605280143096, 75.80205647720923, 57.81717178321254, 72.11773598330586, 75.93046262709943, 69.28115795564888, 68.81293627825667]",685.1829556234715
17.0,ramp-up,Least-CPU,105,10,460.79329436153165,460.79329436153165,"[60.81426387563933, 73.39415066104408, 72.13696718062442, 59.07605280143096, 75.80205647720923, 79.72984315871975, 72.11773598330586, 75.93046262709943, 69.28115795564888, 68.81293627825667]",707.0956269989786
17.25,ramp-up,Least-CPU,97,10,519.7416011879973,519.7416011879973,"[60.81426387563933, 73.39415066104408, 72.13696718062442, 77.42979657191634, 75.80205647720923, 79.72984315871975, 72.11773598330586, 75.93046262709943, 69.28115795564888, 68.81293627825667]",725.4493707694639
17.5,ramp-up,Least-CPU,92,10,498.1528143115018,498.1528143115018,"[80.02480470029914, 73.39415066104408, 72.13696718062442, 77.42979657191634, 75.80205647720923, 79.72984315871975, 72.11773598330586, 75.93046262709943, 69.28115795564888, 68.81293627825667]",744.6599115941239
17.75,ramp-up,Least-CPU,99,10,599.574680845494,599.574680845494,"[80.02480470029914, 73.39415066104408, 72.13696718062442, 77.42979657191634, 75.80205647720923, 79.72984315871975, 72.11773598330586, 75.93046262709943, 69.28115795564888, 88.5290422634282]",764.3760175792953
18.0,ramp-up,Least-CPU,101,10,664.9656064472584,664.9656064472584,"[80.02480470029914, 73.39415066104408, 72.13696718062442, 77.42979657191634, 75.80205647720923, 79.72984315871975, 72.11773598330586, 75.93046262709943, 88.1125928454939, 88.5290422634282]",783.2074524691403
18.25,ramp-up,Least-CPU,97,10,613.453180811473,613.453180811473,"[80.02480470029914, 73.39415066104408, 72.13696718062442, 77.42979657191634, 75.80205647720923, 79.72984315871975, 89.66482661134452, 75.93046262709943, 88.1125928454939, 88.5290422634282]",800.7545430971791
18.5,ramp-up,Least-CPU,100,10,736.2153326439117,736.2153326439117,"[80.02480470029914, 73.39415066104408, 92.4309132260335, 77.42979657191634, 75.80205647720923, 79.72984315871975, 89.66482661134452, 75.93046262709943, 88.1125928454939, 88.5290422634282]",821.0484891425881
18.75,ramp-up,Least-CPU,113,10,921.8283611919667,921.8283611919667,"[80.02480470029914, 96.57967338153854, 92.4309132260335, 77.42979657191634, 75.80205647720923, 79.72984315871975, 89.66482661134452, 75.93046262709943, 88.1125928454939, 88.5290422634282]",844.2340118630825
19.0,ramp-up,Least-CPU,97,10,865.1220331595308,865.1220331595308,"[80.02480470029914, 96.57967338153854, 92.4309132260335, 77.42979657191634, 95.48246135822343, 79.72984315871975, 89.66482661134452, 75.93046262709943, 88.1125928454939, 88.5290422634282]",863.9144167440968
19.25,ramp-up,Least-CPU,115,10,1025.2161777062258,1025.2161777062258,"[80.02480470029914, 96.57967338153854, 92.4309132260335, 77.42979657191634, 95.48246135822343, 79.72984315871975, 89.66482661134452, 97.8184569987763, 88.1125928454939, 88.5290422634282]",885.8024111157736
19.5,ramp-up,Least-CPU,117,10,1519.2659590641463,1519.2659590641463,"[80.02480470029914, 96.57967338153854, 92.4309132260335, 102.97435198666405, 95.48246135822343, 79.72984315871975, 89.66482661134452, 97.8184569987763, 88.1125928454939, 88.5290422634282]",911.3469665305213
19.75,ramp-up,Least-CPU,103,10,1170.3668498438556,1170.3668498438556,"[80.02480470029914, 96.57967338153854, 92.4309132260335, 102.97435198666405, 95.48246135822343, 100.5918945323431, 89.66482661134452, 97.8184569987763, 88.1125928454939, 88.5290422634282]",932.2090179041447
20.0,ramp-up,Least-CPU,117,10,1673.529938697344,1673.529938697344,"[104.45228606197827, 96.57967338153854, 92.4309132260335, 102.97435198666405, 95.48246135822343, 100.5918945323431, 89.66482661134452, 97.8184569987763, 88.1125928454939, 88.5290422634282]",956.6364992658238
20.25,ramp-up,Least-CPU,108,10,1882.6603376076994,1882.6603376076994,"[104.45228606197827, 96.57967338153854, 92.4309132260335, 102.97435198666405, 95.48246135822343, 100.5918945323431, 89.66482661134452, 97.8184569987763, 108.77711683156626, 88.5290422634282]",977.3010232518961
20.5,ramp-up,Least-CPU,107,10,2367.6221192403186,2367.6221192403186,"[104.45228606197827, 96.57967338153854, 92.4309132260335, 102.97435198666405, 95.48246135822343, 100.5918945323431, 89.66482661134452, 97.8184569987763, 108.77711683156626, 109.71163265115948]",998.4836136396275
20.75,ramp-up,Least-CPU,117,10,2586.173752313935,2586.173752313935,"[104.45228606197827, 96.57967338153854, 92.4309132260335, 102.97435198666405, 95.48246135822343, 100.5918945323431, 114.78380183862753, 97.8184569987763, 108.77711683156626, 109.71163265115948]",1023.6025888669104
21.0,ramp-up,Least-CPU,117,10,3182.3646222057346,3182.3646222057346,"[104.45228606197827, 96.57967338153854, 117.37701475564953, 102.97435198666405, 95.48246135822343, 100.5918945323431, 114.78380183862753, 97.8184569987763, 108.77711683156626, 109.71163265115948]",1048.5486903965266
21.25,ramp-up,Least-CPU,114,10,3664.8866878863123,3664.8866878863123,"[104.45228606197827, 96.57967338153854, 117.37701475564953, 102.97435198666405, 119.62591063861109, 100.5918945323431, 114.78380183862753, 97.8184569987763, 108.77711683156626, 109.71163265115948]",1072.6921396769142
21.5,ramp-up,Least-CPU,127,10,3668.2983818052803,3668.2983818052803,"[104.45228606197827, 120.36364487303865, 117.37701475564953, 102.97435198666405, 119.62591063861109, 100.5918945323431, 114.78380183862753, 97.8184569987763, 108.77711683156626, 109.71163265115948]",1096.4761111684143
21.75,ramp-up,Least-CPU,125,10,3919.4028867519137,3919.4028867519137,"[104.45228606197827, 120.36364487303865, 117.37701475564953, 102.97435198666405, 119.62591063861109, 100.5918945323431, 114.78380183862753, 121.64106049150274, 108.77711683156626, 109.71163265115948]",1120.2987146611406
22.0,ramp-up,Least-CPU,117,10,3970.9120553446464,3970.9120553446464,"[104.45228606197827, 120.36364487303865, 117.37701475564953, 102.97435198666405, 119.62591063861109, 123.25559609728546, 114.78380183862753, 121.64106049150274, 108.77711683156626, 109.71163265115948]",1142.962416226083
22.25,ramp-up,Least-CPU,121,10,4493.882766264624,4493.882766264624,"[104.45228606197827, 120.36364487303865, 117.37701475564953, 127.61283658277642, 119.62591063861109, 123.25559609728546, 114.78380183862753, 121.64106049150274, 108.77711683156626, 109.71163265115948]",1167.6009008221954
22.5,ramp-up,Least-CPU,113,10,4203.246181368527,4203.246181368527,"[126.53457377197142, 120.36364487303865, 117.37701475564953, 127.61283658277642, 119.62591063861109, 123.25559609728546, 114.78380183862753, 121.64106049150274, 108.77711683156626, 109.71163265115948]",1189.6831885321885
22.75,ramp-up,Least-CPU,120,10,5835.236311460234,5835.236311460234,"[126.53457377197142, 120.36364487303865, 117.37701475564953, 127.61283658277642, 119.62591063861109, 123.25559609728546, 114.78380183862753, 121.64106049150274, 131.3483898671895, 109.71163265115948]",1212.2544615678119
23.0,ramp-up,Least-CPU,116,10,5661.051720679067,5661.051720679067,"[126.53457377197142, 120.36364487303865, 117.37701475564953, 127.61283658277642, 119.62591063861109, 123.25559609728546, 114.78380183862753, 121.64106049150274, 131.3483898671895, 132.93186085212758]",1235.4746897687799
23.25,ramp-up,Least-CPU,126,10,6301.446892814888,6301.446892814888,"[126.53457377197142, 120.36364487303865, 117.37701475564953, 127.61283658277642, 119.62591063861109, 123.25559609728546, 138.21759025450487, 121.64106049150274, 131.3483898671895, 132.93186085212758]",1258.9084781846573
23.5,ramp-up,Least-CPU,129,10,8136.831122650977,8136.831122650977,"[126.53457377197142, 120.36364487303865, 143.05249975277522, 127.61283658277642, 119.62591063861109, 123.25559609728546, 138.21759025450487, 121.64106049150274, 131.3483898671895, 132.93186085212758]",1284.583963181783
23.75,ramp-up,Least-CPU,126,10,8269.085770990194,8269.085770990194,"[126.53457377197142, 120.36364487303865, 143.05249975277522, 127.61283658277642, 142.50265491924645, 123.25559609728546, 138.21759025450487, 121.64106049150274, 131.3483898671895, 132.93186085212758]",1307.4607074624182
24.0,ramp-up,Least-CPU,122,10,7728.16578022607,7728.16578022607,"[126.53457377197142, 144.77989140875434, 143.05249975277522, 127.61283658277642, 142.50265491924645, 123.25559609728546, 138.21759025450487, 121.64106049150274, 131.3483898671895, 132.93186085212758]",1331.876953998134
24.25,ramp-up,Least-CPU,127,10,8246.179670442458,8246.179670442458,"[126.53457377197142, 144.77989140875434, 143.05249975277522, 127.61283658277642, 142.50265491924645, 123.25559609728546, 138.21759025450487, 146.95084444187415, 131.3483898671895, 132.93186085212758]",1357.1867379485054
24.5,ramp-up,Least-CPU,140,10,10842.056227373123,10842.056227373123,"[126.53457377197142, 144.77989140875434, 143.05249975277522, 127.61283658277642, 142.50265491924645, 151.83505414190384, 138.21759025450487, 146.95084444187415, 131.3483898671895, 132.93186085212758]",1385.7661959931238
24.75,ramp-up,Least-CPU,133,10,11727.411107793303,11727.411107793303,"[155.2464486011203, 144.77989140875434, 143.05249975277522, 127.61283658277642, 142.50265491924645, 151.83505414190384, 138.21759025450487, 146.95084444187415, 131.3483898671895, 132.93186085212758]",1414.4780708222727
25.0,ramp-up,Least-CPU,131,10,10981.426290177116,10981.426290177116,"[155.2464486011203, 144.77989140875434, 143.05249975277522, 154.59481087473466, 142.50265491924645, 151.83505414190384, 138.21759025450487, 146.95084444187415, 131.3483898671895, 132.93186085212758]",1441.460045114231
25.25,ramp-up,Least-CPU,146,10,11301.802590064326,11301.802590064326,"[155.2464486011203, 144.77989140875434, 143.05249975277522, 154.59481087473466, 142.50265491924645, 151.83505414190384, 138.21759025450487, 146.95084444187415, 159.79139417664237, 132.93186085212758]",1469.9030494236838
25.5,ramp-up,Least-CPU,142,10,12253.71221861462,12253.71221861462,"[155.2464486011203, 144.77989140875434, 143.05249975277522, 154.59481087473466, 142.50265491924645, 151.83505414190384, 138.21759025450487, 146.95084444187415, 159.79139417664237, 161.50121867970512]",1498.4724072512613
25.75,ramp-up,Least-CPU,140,10,15858.585470853292,15858.585470853292,"[155.2464486011203, 144.77989140875434, 143.05249975277522, 154.59481087473466, 142.50265491924645, 151.83505414190384, 167.91047135214862, 146.95084444187415, 159.79139417664237, 161.50121867970512]",1528.165288348905
26.0,ramp-up,Least-CPU,150,10,16587.91317648672,16587.91317648672,"[155.2464486011203, 144.77989140875434, 143.05249975277522, 154.59481087473466, 171.7900738964408, 151.83505414190384, 167.91047135214862, 146.95084444187415, 159.79139417664237, 161.50121867970512]",1557.4527073260995
26.25,ramp-up,Least-CPU,145,10,17757.798175678625,17757.798175678625,"[155.2464486011203, 144.77989140875434, 173.45258519801223, 154.59481087473466, 171.7900738964408, 151.83505414190384, 167.91047135214862, 146.95084444187415, 159.79139417664237, 161.50121867970512]",1587.8527927713365
26.5,ramp-up,Least-CPU,136,10,15387.924446301136,15387.924446301136,"[155.2464486011203, 173.04998076993095, 173.45258519801223, 154.59481087473466, 171.7900738964408, 151.83505414190384, 167.91047135214862, 146.95084444187415, 159.79139417664237, 161.50121867970512]",1616.122882132513
26.75,ramp-up,Least-CPU,141,10,16670.29971263382,16670.29971263382,"[155.2464486011203, 173.04998076993095, 173.45258519801223, 154.59481087473466, 171.7900738964408, 151.83505414190384, 167.91047135214862, 173.0859451575969, 159.79139417664237, 161.50121867970512]",1642.2579828482358
27.0,ramp-up,Least-CPU,139,10,19894.806681531285,19894.806681531285,"[155.2464486011203, 173.04998076993095, 173.45258519801223, 154.59481087473466, 171.7900738964408, 178.1478258137658, 167.91047135214862, 173.0859451575969, 159.79139417664237, 161.50121867970512]",1668.5707545200978
27.25,ramp-up,Least-CPU,143,10,21496.66452546321,21496.66452546321,"[155.2464486011203, 173.04998076993095, 173.45258519801223, 181.9550962157459, 171.7900738964408, 178.1478258137658, 167.91047135214862, 173.0859451575969, 159.79139417664237, 161.50121867970512]",1695.931039861109
27.5,ramp-up,Least-CPU,154,10,20034.100577607667,20034.100577607667,"[185.48371230199356, 173.04998076993095, 173.45258519801223, 181.9550962157459, 171.7900738964408, 178.1478258137658, 167.91047135214862, 173.0859451575969, 159.79139417664237, 161.50121867970512]",1726.1683035619822
27.75,ramp-up,Least-CPU,155,10,25449.552387250722,25449.552387250722,"[185.48371230199356, 173.04998076993095, 173.45258519801223, 181.9550962157459, 171.7900738964408, 178.1478258137658, 167.91047135214862, 173.0859451575969, 192.08811696732025, 161.50121867970512]",1758.46502635266
28.0,ramp-up,Least-CPU,148,10,22014.8304189973,22014.8304189973,"[185.48371230199356, 173.04998076993095, 173.45258519801223, 181.9550962157459, 171.7900738964408, 178.1478258137658, 167.91047135214862, 173.0859451575969, 192.08811696732025, 191.56290258284378]",1788.5267102557987
28.25,ramp-up,Least-CPU,159,10,26784.341899163508,26784.341899163508,"[185.48371230199356, 173.04998076993095, 173.45258519801223, 181.9550962157459, 171.7900738964408, 178.1478258137658, 196.57622552573432, 173.0859451575969, 192.08811696732025, 191.56290258284378]",1817.1924644293845
28.5,ramp-up,Least-CPU,155,10,28229.582780265624,28229.582780265624,"[185.48371230199356, 173.04998076993095, 173.45258519801223, 181.9550962157459, 203.954227664463, 178.1478258137658, 196.57622552573432, 173.0859451575969, 192.08811696732025, 191.56290258284378]",1849.3566181974068
28.75,ramp-up,Least-CPU,161,10,27462.301057486344,27462.301057486344,"[185.48371230199356, 204.36299821607932, 173.45258519801223, 181.9550962157459, 203.954227664463, 178.1478258137658, 196.57622552573432, 173.0859451575969, 192.08811696732025, 191.56290258284378]",1880.669635643555
29.0,ramp-up,Least-CPU,157,10,28524.14740783339,28524.14740783339,"[185.48371230199356, 204.36299821607932, 173.45258519801223, 181.9550962157459, 203.954227664463, 178.1478258137658, 196.57622552573432, 205.43784202800234, 192.08811696732025, 191.56290258284378]",1913.0215325139604
29.25,ramp-up,Least-CPU,157,10,30310.29567637198,30310.29567637198,"[185.48371230199356, 204.36299821607932, 207.08184029497482, 181.9550962157459, 203.954227664463, 178.1478258137658, 196.57622552573432, 205.43784202800234, 192.08811696732025, 191.56290258284378]",1946.650787610923
29.5,ramp-up,Least-CPU,154,10,29873.729039669066,29873.729039669066,"[185.48371230199356, 204.36299821607932, 207.08184029497482, 181.9550962157459, 203.954227664463, 208.12019343549446, 196.57622552573432, 205.43784202800234, 192.08811696732025, 191.56290258284378]",1976.6231552326517
29.75,ramp-up,Least-CPU,152,10,35621.650007839125,35621.650007839125,"[185.48371230199356, 204.36299821607932, 207.08184029497482, 213.45317890253168, 203.954227664463, 208.12019343549446, 196.57622552573432, 205.43784202800234, 192.08811696732025, 191.56290258284378]",2008.1212379194376
