time,pattern,strategy,traffic,active_replicas,p95_latency,p99_latency,cpu_usage
0.0,ramp-up,Round-Robin,18,0,20.86920945846879,20.98387975941696,"[0.5544139498500003, 0.5706163429242337, 0.5779956288192375, 0.531396633808997, 0.5052123741212352, 0.5881014910849043, 0.5533148110167362, 0.5057504153924179, 0.3861350301716225, 0.3401175677816961]"
0.25,ramp-up,Round-Robin,11,0,21.854414955573446,21.89250932311732,"[0.7813367147899613, 0.8117283200345233, 0.8116158668002311, 0.7477778064101253, 0.7078958321060109, 0.8247468992482165, 0.7933143845962312, 0.7388175127219767, 0.8108810923321681, 0.5396027164535672]"
0.5,ramp-up,Round-Robin,6,0,21.53359409550449,21.638449965061483,"[1.1141495251119347, 1.1228967434676407, 1.1253246733373221, 1.0570336305726507, 1.0330475917266204, 0.9480680482560006, 0.9025297468905505, 0.8566106031275074, 0.92213466934556, 0.8547123143609128]"
0.75,ramp-up,Round-Robin,14,0,21.71293742653925,21.841258173463046,"[1.3749814848796602, 1.4120438064992737, 1.3998532276284739, 1.3436173631144743, 1.3354292923087656, 1.393732268287082, 1.343660667456263, 1.332244061235778, 1.395625322685945, 1.1460914408127465]"
1.0,ramp-up,Round-Robin,17,0,21.470621003030125,21.65032070441292,"[1.955409047799701, 1.9950522213985598, 1.992567941078554, 1.9043309072554542, 1.828637307838561, 1.888475368639154, 1.70677920989114, 1.681062406843268, 1.7352996015078168, 1.6700404773713449]"
1.25,ramp-up,Round-Robin,16,0,21.92070739756527,21.92070739756527,"[2.522191690985691, 2.5578186032640797, 2.3368535538620927, 2.19923139150139, 2.179405235638087, 2.218410907299859, 2.238235700737655, 2.2249280775951785, 2.209128472975325, 2.1767539820734263]"
1.5,ramp-up,Round-Robin,24,0,21.41272143193153,21.468705220271907,"[3.0008996968976693, 3.05424869361286, 3.046232453036733, 2.9323210695972497, 2.868507520963857, 2.913813706272061, 2.724786142036425, 2.6670781849007525, 2.7237619873997914, 2.700046654922498]"
1.75,ramp-up,Round-Robin,23,0,21.740723564967983,21.904239579140533,"[3.4566035378593667, 3.4698831275927002, 3.5289776319760375, 3.417146934685631, 3.302351132050958, 3.419053435893855, 3.43585195324096, 3.3403904503832824, 3.4426015387501705, 3.1890353380869025]"
2.0,ramp-up,Round-Robin,24,0,21.86415915126443,21.926404157131216,"[4.146506434399323, 4.095313451898565, 4.19267662261224, 3.9352659469331797, 3.7538880684270923, 3.945111489765249, 3.8966059843267513, 3.825591597894814, 3.966347834870591, 3.839394617903673]"
2.25,ramp-up,Round-Robin,13,0,21.132768580801393,21.465419952717582,"[4.387592123138805, 4.369076347357997, 4.4579241542435595, 4.423245281579881, 4.19171876192534, 4.409441764711838, 4.131540984632907, 4.079798994399234, 4.217798650317883, 4.079352596283979]"
2.5,ramp-up,Round-Robin,21,0,21.799384335931364,21.799384335931364,"[4.836158516717092, 4.825332483801432, 4.8454160101998776, 4.816804029849508, 4.6116375644715, 4.841898359723296, 4.740185848494511, 4.471988623061139, 4.6124940879285, 4.539939039671904]"
2.75,ramp-up,Round-Robin,31,10,21.417910462783855,21.417910462783855,"[5.514622476210714, 5.390100034490314, 5.4614729154330055, 5.446281094579548, 5.2485514702310345, 5.52361578917472, 5.332223008726913, 5.273807120471888, 5.283095468461539, 5.189476353606776]"
3.0,ramp-up,Round-Robin,16,10,21.65933901851369,21.900526338882248,"[6.024260344766723, 5.888339591764802, 5.948572703974458, 5.933324396500902, 5.59679833581704, 5.872516169856024, 5.636902715139367, 5.570242341208843, 5.76927534539939, 5.722528797469589]"
3.25,ramp-up,Round-Robin,27,10,21.3811214038763,21.3811214038763,"[6.791264626059377, 6.443693300278311, 6.4361933701323935, 6.506400807813495, 6.408952874057083, 6.673368207594807, 6.428929121852202, 6.2977941939846, 6.543616161261576, 6.5079544112660335]"
3.5,ramp-up,Round-Robin,19,10,21.519805701670244,21.519805701670244,"[7.15302889926498, 7.003765185280148, 6.983911887345399, 7.0742619883413225, 6.942747935160675, 7.3073567142032445, 7.014878055495912, 6.8873032386457655, 7.135498716780338, 7.057999705564343]"
3.75,ramp-up,Round-Robin,18,10,21.636012164760047,21.636012164760047,"[7.7603510467281875, 7.589954313383045, 7.554178451970255, 7.580729396091548, 7.5064485148715185, 7.82946631777344, 7.549640706195966, 7.450619672486911, 7.4654346502460935, 7.433164027215621]"
4.0,ramp-up,Round-Robin,24,10,21.832460445494352,21.942865752877886,"[8.481179449698095, 8.251939920087995, 8.058638020777856, 8.10022314941695, 8.02468172215135, 8.34446609092743, 8.003879397262194, 7.942138660023869, 8.154105761406084, 8.12126439835826]"
4.25,ramp-up,Round-Robin,28,10,21.932174973053083,21.932174973053083,"[9.09547714306573, 8.801702369615514, 8.837423863763908, 8.869434586319345, 8.83917004564283, 9.059142029609939, 8.718016193780686, 8.73058781908101, 8.973506819200015, 8.855368744989944]"
4.5,ramp-up,Round-Robin,29,10,20.042301475470925,20.042301475470925,"[9.92059528419122, 9.604792605880082, 9.568435021619202, 9.622764066382455, 9.655776877113901, 9.876393746160927, 9.528335246995592, 9.534033451391554, 9.7870835959444, 9.429679667023146]"
4.75,ramp-up,Round-Robin,34,10,21.855505544565418,21.855505544565418,"[10.886938163135472, 10.466574207468165, 10.496134214018335, 10.3451037199382, 10.277080451577435, 10.54311291246491, 10.263497580801536, 10.279401174976021, 10.461618968573616, 10.386386664595928]"
5.0,ramp-up,Round-Robin,30,10,21.776885928988456,21.776885928988456,"[11.533379405311553, 11.10656900890519, 11.123666928853224, 10.95735593709294, 10.878376381702955, 11.148233381372314, 10.831038133083275, 10.831556504229862, 11.046107417443777, 11.011685627349925]"
5.25,ramp-up,Round-Robin,40,10,21.49368345563088,21.49368345563088,"[12.408715700989696, 11.937156045372072, 11.909915343659643, 11.760006899735272, 11.616493396407543, 11.89038345299728, 11.696998134052306, 11.581719570522313, 11.776275301275252, 11.8847868211073]"
5.5,ramp-up,Round-Robin,44,10,21.91106242765104,21.91106242765104,"[13.254057924396974, 12.770619225197942, 12.817396492497258, 12.912192345498505, 12.7538673895076, 12.866869370176323, 12.719724790433323, 12.427708517213, 12.603551117606566, 12.803940970911325]"
5.75,ramp-up,Round-Robin,35,10,21.275419758892777,21.275419758892777,"[14.06855233323624, 13.654729037372533, 13.471825071451509, 13.559126567465341, 13.44887218198059, 13.557615350633794, 13.45066435315695, 13.256223857857442, 13.560294792451126, 13.761873990896781]"
6.0,ramp-up,Round-Robin,37,10,21.561150937372183,21.561150937372183,"[14.856978558711067, 14.399583986748048, 14.339080338036881, 14.543068984826547, 14.450517167217876, 14.56928998185836, 14.31278022574931, 14.262885903444108, 14.444311643555704, 14.53766372462381]"
6.25,ramp-up,Round-Robin,33,10,21.920465874552157,21.920465874552157,"[15.746815767054363, 15.338471370606008, 14.986437339456472, 15.262254918268809, 15.13919561957833, 15.26404824924632, 14.916640590263267, 14.890137260912343, 15.129509092208902, 15.332109404782472]"
6.5,ramp-up,Round-Robin,42,10,21.971085686515053,21.971085686515053,"[16.592460763089992, 16.15115246343463, 15.95973377576243, 16.25331947535333, 16.043966238876145, 16.09161075807133, 15.712514861777747, 15.765160466544637, 15.984264640057722, 16.23246106071596]"
6.75,ramp-up,Round-Robin,51,10,21.216573857946173,21.216573857946173,"[17.71296346823203, 17.21678837133708, 16.891300129484502, 17.231667561056035, 17.29432647298925, 17.073091399966355, 16.71218777532411, 16.88351703392554, 17.025616916908426, 17.150523333052284]"
7.0,ramp-up,Round-Robin,35,10,21.997675173668526,21.997675173668526,"[18.404504274952778, 17.913256559969724, 17.52160466131908, 17.939978833666313, 17.967281052953116, 17.96444249087879, 17.58799479046705, 17.834501223710443, 18.00611492976219, 18.03292858893167]"
7.25,ramp-up,Round-Robin,45,10,21.03670560124518,21.03670560124518,"[19.61294795447175, 18.93315669430089, 18.678253681343055, 18.97728202946738, 18.97755123386105, 18.91700076573831, 18.50347378404876, 18.75172743092778, 18.973014475375972, 18.97232774887797]"
7.5,ramp-up,Round-Robin,39,10,21.625405301013295,21.625405301013295,"[20.586644472748272, 19.962247686887334, 19.57464252752556, 19.87022930404045, 19.81282673194505, 19.90430525526894, 19.518503346390055, 19.78834428560547, 19.918510163339118, 19.949358255711616]"
7.75,ramp-up,Round-Robin,51,10,20.414007665491432,20.414007665491432,"[21.518187149867, 20.93491911542668, 20.51075093160592, 20.890775887677332, 21.02144141941339, 20.904321398732847, 20.52962932005196, 20.75490200380107, 20.93202003786319, 20.911537235721863]"
8.0,ramp-up,Round-Robin,40,10,21.76460466497379,21.76460466497379,"[22.286074854501994, 21.721529085012467, 21.342353539171917, 21.629563951231248, 21.784982084189377, 21.751261858354376, 21.38470145329776, 21.575430599848556, 21.676877215043426, 21.747423324852317]"
8.25,ramp-up,Round-Robin,46,10,19.476426483436978,19.476426483436978,"[23.464118510725903, 22.570803312509238, 22.2183840705664, 22.624255521206855, 22.647934289730212, 22.92566093973931, 22.525960191965304, 22.70127818774448, 22.702941575261782, 22.81423706041265]"
8.5,ramp-up,Round-Robin,45,10,21.657627146152414,21.657627146152414,"[24.362929064117075, 23.626184756441614, 23.33230917246745, 23.625999183542717, 23.70669194684801, 24.106349831498083, 23.416108181242265, 23.61863332845242, 23.559646530521185, 23.7407669600358]"
8.75,ramp-up,Round-Robin,53,10,21.44581549462288,21.44581549462288,"[25.476325203866327, 24.740388091780027, 24.351838702160634, 24.789835177405653, 24.807893205562692, 25.150285398828984, 24.709643667087324, 24.82083254175451, 24.788848801733046, 24.82145922746863]"
9.0,ramp-up,Round-Robin,61,10,21.569728801478604,21.569728801478604,"[26.68674695227693, 25.894622487620904, 25.455036009314167, 25.976851261910376, 25.932263849377314, 26.30562626039433, 25.95912065736775, 25.923176882975863, 25.95320354417078, 26.26650809753889]"
9.25,ramp-up,Round-Robin,51,10,21.41394104926026,21.41394104926026,"[27.936745764364534, 26.81593919363188, 26.393087328121467, 27.002929764378496, 27.011256223381892, 27.379734074925288, 26.982457794845466, 26.843290945724924, 27.053280062694306, 27.316443649856573]"
9.5,ramp-up,Round-Robin,51,10,21.98553265513565,21.98553265513565,"[29.024391282663977, 28.105676980327367, 27.411088251997988, 28.086863696788424, 28.054810582352, 28.470619591642233, 28.044894026376188, 27.78541638071078, 28.060026194086014, 28.29303839853575]"
9.75,ramp-up,Round-Robin,52,10,21.870927319431395,21.870927319431395,"[30.070996594604132, 29.244756428914794, 28.72117456450381, 29.245564058852533, 28.99314238340486, 29.501217512615007, 29.164502573079613, 28.77777858690356, 29.16490490494344, 29.379724450626682]"
10.0,ramp-up,Round-Robin,56,10,21.24525539554493,21.24525539554493,"[31.110906463182005, 30.253661690765274, 29.8354270429761, 30.2553730399548, 30.33625559812826, 30.84790772059234, 30.61134445696879, 30.134934975038924, 30.52970470752949, 30.680088468274526]"
10.25,ramp-up,Round-Robin,53,10,21.939926183910295,21.939926183910295,"[32.25044034168295, 31.39728606104304, 30.98261179216697, 31.22135882926605, 31.498488630920587, 31.96777623827683, 31.735532302393622, 31.129280860199874, 31.50194590026087, 31.842287232813188]"
10.5,ramp-up,Round-Robin,56,10,21.813903556411333,21.813903556411333,"[33.427725406434085, 32.434408298321756, 32.00028797313288, 32.60516334865695, 32.80365896328522, 33.37881312284062, 33.0109428661325, 32.46523738312158, 32.71696596475961, 32.981812732588665]"
10.75,ramp-up,Round-Robin,60,10,21.947836952763748,21.947836952763748,"[34.589619297963736, 33.721636133866525, 33.22558318774004, 33.70100278647193, 33.956272835786265, 34.63744698627174, 34.183057332551336, 33.634914069234135, 33.848286816376024, 34.106625983279386]"
11.0,ramp-up,Round-Robin,72,10,21.44043061943239,21.44043061943239,"[36.30108710172642, 35.273688534801174, 34.67858987413584, 35.241928244290925, 35.47366873927229, 36.1249910809143, 35.73867711769579, 35.026601322042346, 35.37033495762578, 35.608068730173244]"
11.25,ramp-up,Round-Robin,69,10,21.89304486758628,21.89304486758628,"[37.6996070748318, 36.71702442549927, 36.35011733134167, 36.716690175184226, 36.93743280279119, 37.79081732756198, 37.45216390928005, 36.59724594798817, 36.89519983210484, 37.19756569422387]"
11.5,ramp-up,Round-Robin,77,10,21.53230180302833,21.53230180302833,"[39.312645257589445, 38.54634399337165, 38.01359653981192, 38.38459061141127, 38.57226751983812, 39.660166012599454, 39.053459686488715, 37.99769684408416, 38.435394077105116, 38.775235526840596]"
11.75,ramp-up,Round-Robin,71,10,21.337377741868906,21.337377741868906,"[40.77360562255859, 39.95197516172501, 39.365883310640804, 39.79433986959915, 40.110732474793636, 41.084219399941226, 40.558010767710876, 39.46064459863226, 39.93963387001479, 40.067590694441186]"
12.0,ramp-up,Round-Robin,60,10,21.79240132067109,21.79240132067109,"[42.013002523729156, 41.13544028247545, 40.66951344232344, 40.875250622401126, 41.39160884518295, 42.36015611911437, 41.840000771346695, 40.577803358482875, 41.15484066130236, 41.25918783555563]"
12.25,ramp-up,Round-Robin,74,10,21.82360837626202,21.82360837626202,"[43.586043701374706, 42.782217008047546, 42.145954452074946, 42.21368658098606, 42.80929503959165, 43.83467230539157, 43.438668223229456, 42.163041713782334, 42.89717705936734, 42.93946325026875]"
12.5,ramp-up,Round-Robin,71,10,21.738708759971175,21.738708759971175,"[45.09985152115431, 44.203829385617986, 43.607270469728405, 43.60062932803306, 44.34788347125557, 45.25151713671292, 44.7978094119985, 43.58016587349427, 44.43468048981293, 44.41570723882375]"
12.75,ramp-up,Round-Robin,66,10,21.946995757161854,21.946995757161854,"[46.431828172731755, 45.578893864138195, 45.05111449436406, 45.00566941345474, 45.76789008136139, 46.80785501310512, 46.350839219368716, 45.169377056250575, 45.84439547130387, 45.745490887552975]"
13.0,ramp-up,Round-Robin,70,10,21.958543555084734,21.958543555084734,"[47.706372584152156, 46.877713776498396, 46.34345266730588, 46.29848353650077, 47.097227361062544, 48.16296210951994, 47.67140057217626, 46.66270870792708, 47.25154709516458, 47.165509395920346]"
13.25,ramp-up,Round-Robin,74,10,21.28021279723647,21.28021279723647,"[49.34919857092393, 48.585347693019784, 48.17837020910012, 47.786754390295215, 48.49723833807245, 49.70437208150513, 49.01165172508514, 48.0143045950568, 48.63713114252528, 48.92851976800197]"
13.5,ramp-up,Round-Robin,69,10,21.796020868434404,21.796020868434404,"[50.853481442809986, 50.20868734505774, 49.44484428932697, 49.45120136579592, 50.21366971059755, 51.39908786787577, 50.43575170960349, 49.4438943850946, 50.10500377070842, 50.58386176215878]"
13.75,ramp-up,Round-Robin,78,10,20.915432438252857,20.915432438252857,"[52.3157784387569, 51.78273111496225, 51.11989390955595, 51.05532231021268, 51.8827386621585, 52.988094438911986, 52.12927411517511, 51.27472481170501, 51.815259703818136, 52.203271943557766]"
14.0,ramp-up,Round-Robin,81,10,21.836448573427557,21.836448573427557,"[54.27355164543451, 53.46392574593521, 52.579421043589676, 52.777488443627625, 53.62361501031994, 54.73635901276009, 53.87834066736029, 52.968783942538046, 53.568711015603334, 53.771978465946425]"
14.25,ramp-up,Round-Robin,81,10,21.63993537231505,21.63993537231505,"[55.92361300512058, 55.323307135641066, 54.34851141247243, 54.42464632421284, 55.24375452120429, 56.204364795664375, 55.411116239928425, 54.69766653341853, 55.07918232114239, 55.479191582820874]"
14.5,ramp-up,Round-Robin,77,10,21.994600076831006,21.994600076831006,"[57.56788529887368, 56.70961649478531, 56.04378161992433, 56.28314970345044, 57.08117424250849, 57.969079053727945, 57.274230137423494, 56.519658358328165, 56.96492775006718, 56.917001451036654]"
14.75,ramp-up,Round-Robin,88,10,21.627972132671097,21.627972132671097,"[59.50960692416335, 58.497848176581904, 58.09437154045006, 58.232590575767624, 59.22845401542047, 59.956911888659114, 59.35001239823162, 58.21519939581257, 58.64701940673592, 58.844713216522635]"
15.0,ramp-up,Round-Robin,91,10,21.989453661342075,21.989453661342075,"[61.32883401730747, 60.42013646529294, 59.99303828806427, 60.167486350001575, 61.06303017379053, 61.79547139042022, 61.22723110994269, 60.41020084950197, 60.50484183133843, 60.609856726356156]"
15.25,ramp-up,Round-Robin,93,10,21.107466163922048,21.107466163922048,"[63.380915405323755, 62.453296398856935, 61.98550623704513, 62.14386100801507, 62.80449207938073, 63.673515055747615, 63.07046039002679, 62.247866180991366, 62.73667724640323, 62.86204624659188]"
15.5,ramp-up,Round-Robin,85,10,21.783965068308376,21.783965068308376,"[65.12664112557046, 64.53244287288688, 63.74691491473589, 64.15933770597763, 64.85812391012111, 65.488706362076, 64.74571320168072, 63.89611536445557, 64.59993194019869, 64.52297760077404]"
15.75,ramp-up,Round-Robin,86,10,21.780798482066945,21.780798482066945,"[67.07274416896878, 66.6242123830892, 65.4123452604882, 65.86673868487456, 66.6895413613035, 67.2841292817338, 66.57984416076037, 65.718889106303, 66.60353973750478, 66.48246766346328]"
16.0,ramp-up,Round-Robin,91,10,21.98721091808437,21.98721091808437,"[68.76776161957669, 68.55000567297301, 67.48015828828626, 67.85284924177843, 68.63923980246, 68.95854612371919, 68.35834047655334, 67.41071118925636, 68.48579721237299, 68.39793834915223]"
16.25,ramp-up,Round-Robin,82,10,40.4591520192813,40.4591520192813,"[70.54000124989972, 70.27547981654189, 69.27341548133906, 69.60606556677898, 70.43324892603576, 70.56028843834122, 70.1319397620079, 68.9057300654364, 70.02470305309652, 69.88087255126105]"
16.5,ramp-up,Round-Robin,102,10,39.017518080288404,39.017518080288404,"[72.46824373117211, 72.37551713599147, 71.12650449892715, 71.6108819544065, 72.35707047422319, 72.74257537370899, 72.54354150347524, 71.14061305734427, 71.95963846349196, 71.85075088751199]"
16.75,ramp-up,Round-Robin,103,10,39.88836476740232,39.88836476740232,"[74.51998335194519, 74.63644478916817, 73.05443004048061, 73.57469559571935, 74.25860926510622, 74.98710260259793, 74.7292370200059, 73.23445217351257, 74.284345494146, 73.92220946477465]"
17.0,ramp-up,Round-Robin,99,10,40.56691585742617,40.56691585742617,"[76.66662696669385, 76.97824496035805, 75.37545610431366, 75.64994241748695, 76.23001763253512, 77.22950635850977, 76.78065748301492, 75.3228927555337, 76.55278925666518, 75.84665239070539]"
17.25,ramp-up,Round-Robin,93,10,42.63161308943875,42.63161308943875,"[78.8638996250061, 79.08907205425886, 77.13334572735968, 77.59414388687178, 78.0867643428263, 79.1438141262085, 78.66864594947987, 77.13775438213413, 78.24745523778317, 77.78408281914321]"
17.5,ramp-up,Round-Robin,101,10,42.98684042927895,42.98684042927895,"[80.97977034591507, 81.03294074004111, 79.49466191279258, 79.66206520076007, 80.00368373837898, 81.25668904537436, 80.67333334902334, 79.17831149952168, 80.45107078799283, 79.74638821932983]"
17.75,ramp-up,Round-Robin,104,10,44.75989479884336,44.75989479884336,"[83.13748247977828, 82.95091855104185, 81.72326789035282, 82.15145588606194, 82.0695684363448, 83.31805990853594, 82.74269667884896, 81.3197396568176, 82.50925312897907, 81.83495490421825]"
18.0,ramp-up,Round-Robin,107,10,46.48855038975294,46.48855038975294,"[85.41209795825516, 85.38414667725566, 84.29379267222495, 84.45453500722886, 84.41114086688665, 85.40778354160918, 84.88756211585844, 83.81210408888617, 84.83688334273178, 84.2826616203153]"
18.25,ramp-up,Round-Robin,102,10,50.725607934360674,50.725607934360674,"[87.4989250355512, 87.54836968620332, 86.15109903034002, 86.48408476316138, 86.79649976896827, 87.50143280398575, 86.98348710251221, 85.95705599075099, 86.68054918700108, 86.50539619774878]"
18.5,ramp-up,Round-Robin,92,10,55.416418118079655,55.416418118079655,"[89.3421642251655, 89.4969660429398, 88.0829200228297, 88.1403832756281, 88.62991736388632, 89.26421967292548, 88.98257869474237, 88.05109086506553, 88.65247064149501, 88.19568596739944]"
18.75,ramp-up,Round-Robin,94,10,62.10426570875408,62.10426570875408,"[91.5831342814183, 91.47993335204862, 90.09348856649935, 90.0274956202056, 90.39375298220838, 91.03477706415828, 90.72536071959506, 89.797517917345, 90.60430345820033, 90.37702014221313]"
19.0,ramp-up,Round-Robin,103,10,69.77773131005512,69.77773131005512,"[93.61889972750656, 93.57941647301003, 92.15446452688487, 92.46838871821971, 92.64710740757394, 92.91505210780237, 92.69413983851378, 91.82748687279434, 92.67552540864135, 92.43711335198653]"
19.25,ramp-up,Round-Robin,109,10,82.2918222049644,82.2918222049644,"[96.22827378574819, 95.93999680103133, 94.57181650301206, 94.9586994801258, 94.67004689680348, 95.38923370030331, 95.14999316583884, 94.2590742965252, 94.88238934404245, 94.6756085797349]"
19.5,ramp-up,Round-Robin,112,10,99.97259455375686,99.97259455375686,"[98.47631524900015, 98.29270245572731, 96.96514649518237, 97.24442140461562, 97.24255379175814, 97.64974109874419, 97.32568370412123, 96.46065861088292, 97.32393814216374, 97.00485739275004]"
19.75,ramp-up,Round-Robin,117,10,111.97497733078445,111.97497733078445,"[101.22117111638654, 100.73342700648305, 99.55378532631826, 99.38877575272588, 99.76989840127621, 100.18955563931016, 99.80163198966873, 98.81428249752966, 99.89904704443985, 99.57056176367985]"
20.0,ramp-up,Round-Robin,118,10,122.511771237575,122.511771237575,"[103.68628281547777, 103.0761463802648, 101.9776485973969, 101.98458491590664, 102.31314682843804, 102.8245944560451, 102.19145718616252, 101.56272509571177, 102.63506307685272, 102.38615623465365]"
20.25,ramp-up,Round-Robin,104,10,140.34024133244702,140.34024133244702,"[105.5836835388276, 105.2072486063086, 104.40984959456611, 104.050829415792, 104.62115696195073, 105.06262654634475, 104.33185211011384, 103.46796703456938, 104.51588971488066, 104.5163614695375]"
20.5,ramp-up,Round-Robin,121,10,166.83851321019065,166.83851321019065,"[107.93023638185383, 107.52886838105469, 106.84082293088206, 106.50060363426552, 107.08260410805032, 107.74072771514265, 106.80414040504901, 106.0652427101527, 106.94454966229311, 107.13072349456678]"
20.75,ramp-up,Round-Robin,117,10,180.51684999091162,180.51684999091162,"[110.49463298870552, 110.32281632667772, 109.46148286062979, 108.6324686875587, 109.32884162553611, 110.00335893604256, 109.12343520815097, 108.59563295671789, 109.43695495173621, 109.4917816593528]"
21.0,ramp-up,Round-Robin,121,10,211.5155990569711,211.5155990569711,"[113.02456392982116, 112.5450223553043, 112.0126782593667, 111.5072099219175, 111.897511621697, 112.63139630642823, 111.49017764635859, 111.14610170914858, 111.82976487327363, 111.91819557714169]"
21.25,ramp-up,Round-Robin,107,10,246.25145048137233,246.25145048137233,"[115.26007747561587, 114.49166683201118, 114.04533424399614, 113.62999868083183, 114.16486658838024, 114.93431040109348, 113.68023895965013, 113.28809675490848, 114.05796320411615, 114.06730469620678]"
21.5,ramp-up,Round-Robin,110,10,263.5845104645525,263.5845104645525,"[117.6126020058958, 116.54082104462165, 116.19366842700417, 115.68569178693683, 116.54622907799553, 116.98512907313643, 116.08982844883198, 115.51244906394233, 116.3227316038522, 116.28693680941544]"
21.75,ramp-up,Round-Robin,117,10,286.7205432235377,286.7205432235377,"[120.02512266731527, 119.24932522586302, 118.69654414017329, 118.2831686181751, 118.99576625929461, 119.27810577868084, 118.77870126429157, 118.30604279834024, 118.89070068063575, 118.50143234774039]"
22.0,ramp-up,Round-Robin,123,10,331.7045091724114,331.7045091724114,"[122.81051246374369, 121.5336458310463, 121.24634261280792, 120.96440302657528, 121.42088263997833, 121.57198907878296, 121.04200064242814, 120.77085736694566, 121.79031517793447, 120.95453701567118]"
22.25,ramp-up,Round-Robin,130,10,364.51164614133666,364.51164614133666,"[125.39886470782466, 124.04635316258876, 124.07916860076055, 123.4961375115774, 123.87382074019128, 124.27066914126343, 123.3873651899186, 123.4567617618156, 124.53876220463378, 123.38089361571944]"
22.5,ramp-up,Round-Robin,127,10,398.89197272367187,398.89197272367187,"[128.11320658848757, 126.81501146206678, 126.6869621116977, 126.36203445024309, 126.69640748565217, 126.86500683522694, 126.0494362690223, 125.95920387823813, 127.20242327202008, 125.81505922129823]"
22.75,ramp-up,Round-Robin,118,10,436.3223867224456,436.3223867224456,"[130.68144755754713, 129.1206664828697, 129.20108044141796, 128.68914855145997, 129.29705047350146, 129.4932070664784, 128.2336477922645, 128.43158790812217, 129.6303752527453, 128.18345469000417]"
23.0,ramp-up,Round-Robin,135,10,482.6929655245496,482.6929655245496,"[133.6747730316324, 132.07298803780128, 131.85020173072436, 131.38702987913447, 131.9451273673348, 132.37697229766036, 131.27149246513218, 131.2153940113585, 132.2456319327428, 130.89079932817768]"
23.25,ramp-up,Round-Robin,122,10,533.0844767474281,533.0844767474281,"[135.9027254423341, 134.91467658621275, 134.31592193915816, 134.0319514146764, 134.21497044788953, 134.87708594420997, 133.735454715254, 133.80991718680858, 134.7874881609152, 133.16880600889888]"
23.5,ramp-up,Round-Robin,127,10,573.7255487428353,573.7255487428353,"[138.62997038081446, 137.62743345103974, 136.98904773374835, 136.61027169139072, 136.95492485420252, 137.64412613957026, 136.74024476278436, 136.64011005028664, 137.56326625535448, 135.98528367943715]"
23.75,ramp-up,Round-Robin,121,10,612.0011195880793,612.0011195880793,"[141.47824983528395, 140.16937073505338, 139.34877953958673, 138.94693283241924, 139.32635114522031, 140.09145414056385, 139.01870417420463, 138.88186758487643, 140.12524545810862, 138.50068236419065]"
24.0,ramp-up,Round-Robin,133,10,666.7870533032997,666.7870533032997,"[144.12476417884304, 143.23263588444163, 141.9964085570192, 141.96416419917614, 141.7308027230942, 142.65295208186123, 141.77945906471868, 141.2956092537134, 142.830392802534, 141.02802264487627]"
24.25,ramp-up,Round-Robin,123,10,734.7385995086963,734.7385995086963,"[146.48203863765804, 145.92278291955978, 144.38700352784525, 144.51231030664408, 144.2844778692851, 145.48363318812642, 144.64148744977342, 143.7971015951929, 145.31584302464415, 143.3618260019214]"
24.5,ramp-up,Round-Robin,126,10,787.975496366593,787.975496366593,"[149.39024020796688, 148.44403388858967, 146.91746388913253, 147.14448310845458, 146.671477022999, 147.96085961119064, 146.94133780555015, 146.54992819522678, 147.91361130058914, 146.26110236498732]"
24.75,ramp-up,Round-Robin,125,10,858.0650732447964,858.0650732447964,"[151.64789005810675, 151.15629629692606, 149.6467679895195, 149.88570124945818, 149.48772902528424, 150.45181060514946, 149.58954653662127, 149.34087125398227, 150.46993198604704, 148.85964195948392]"
25.0,ramp-up,Round-Robin,141,10,927.9079725515879,927.9079725515879,"[154.21074304173322, 154.11078855990343, 152.20839046127853, 152.73485897959497, 152.23373132836883, 153.20026426656048, 152.13260505719683, 152.2142482771676, 153.72111133013078, 151.49635219824154]"
25.25,ramp-up,Round-Robin,142,10,1014.8942554561064,1014.8942554561064,"[156.9903643035756, 157.01875191949122, 155.14298040450453, 155.74607481339703, 154.90438828401327, 156.29720190766864, 154.99442882421673, 155.27893308587934, 156.55440612119068, 154.48258083507767]"
25.5,ramp-up,Round-Robin,144,10,1040.9284867577992,1040.9284867577992,"[159.77216407110413, 160.28083480819492, 158.39107481059872, 159.12361375487188, 157.71388305239265, 159.39437875020477, 157.79746786571823, 158.4396522995323, 159.60661511634487, 157.23289728698188]"
25.75,ramp-up,Round-Robin,138,10,1141.0383610425522,1141.0383610425522,"[162.45348795754325, 163.0215665093492, 161.30564151398198, 161.88781329246058, 160.50512330097894, 162.3934998849814, 160.98116817714467, 161.41230452469566, 162.34392545917473, 159.96731453363523]"
26.0,ramp-up,Round-Robin,136,10,1241.471367517653,1241.471367517653,"[165.19484390874402, 165.52221330026558, 163.94298064896216, 164.86252239363606, 163.34203079859336, 165.04997151142445, 163.79852163398039, 164.17848195276196, 165.2008866568161, 162.88243118759314]"
26.25,ramp-up,Round-Robin,146,10,1313.0375376319748,1313.0375376319748,"[168.57638764284408, 168.78632876940958, 167.28861234664802, 168.18836103733926, 166.52551556773528, 168.13931696322584, 166.51006519178011, 166.9861419804409, 168.02087333199358, 165.88859952302738]"
26.5,ramp-up,Round-Robin,140,10,1406.2460274043153,1406.2460274043153,"[171.43682152516536, 171.44630742306566, 169.94012762318354, 170.8718860447389, 169.09343704461565, 170.93053879649128, 169.16379565744307, 169.75700860503815, 170.89511076475836, 168.9024969321369]"
26.75,ramp-up,Round-Robin,138,10,1490.4159440954638,1490.4159440954638,"[174.60620212223753, 174.19350299890223, 172.9605101977565, 173.58439870489673, 172.08135713065408, 174.03948716775312, 171.9702791250915, 172.86656986880664, 173.82517324708138, 171.88163517358797]"
27.0,ramp-up,Round-Robin,148,10,1538.6580741198375,1538.6580741198375,"[177.96706520833973, 177.21468696413322, 175.89964408790175, 176.47251060196797, 175.25282935067892, 177.0368874223887, 175.15495039348104, 176.2383238915687, 177.1192708969287, 175.00738285480335]"
27.25,ramp-up,Round-Robin,144,10,1595.7794654538645,1595.7794654538645,"[181.06079031875723, 180.34309362371567, 178.87132577629578, 179.54321564954637, 178.59739116580246, 179.78242312367186, 178.23025340909277, 178.94344987427698, 179.9938532956375, 177.9383038333446]"
27.5,ramp-up,Round-Robin,143,10,1769.2307074511589,1769.2307074511589,"[184.02278157510537, 183.40398268667548, 181.8528783393325, 182.38535715274065, 181.66487449766632, 183.12093142912272, 181.23490871057183, 182.22797153074185, 182.90902187449947, 180.6862143445373]"
27.75,ramp-up,Round-Robin,140,10,1811.1235291315272,1811.1235291315272,"[187.00585222065806, 186.40601062209146, 184.44598978523135, 185.2737453588825, 184.6005516562278, 185.82249420504328, 183.98006231101067, 184.93064741790823, 185.5151656390103, 183.62522675609787]"
28.0,ramp-up,Round-Robin,145,10,1951.1083209572157,1951.1083209572157,"[190.05379206990781, 189.22216778759125, 187.72984557488263, 188.40564706298264, 187.73031233314214, 188.6005080025946, 187.015062772812, 188.06249676317844, 188.56969715181634, 186.5598237738973]"
28.25,ramp-up,Round-Robin,143,10,2022.4286019292992,2022.4286019292992,"[192.79304163337093, 192.0748503331845, 190.52797018993434, 191.64623207603722, 190.77689028291152, 191.51473002073772, 189.7171254310493, 191.04824387695686, 191.46789614919044, 189.6324229221959]"
28.5,ramp-up,Round-Robin,158,10,2194.1414914241627,2194.1414914241627,"[196.03389506507037, 195.7643226597581, 193.78050978785498, 194.86564706991567, 194.06119745845214, 194.4021235925214, 193.08371049746765, 194.6958120678645, 194.66527265740814, 193.1423432640921]"
28.75,ramp-up,Round-Robin,143,10,2341.5287889002434,2341.5287889002434,"[198.63336742596692, 198.43260946771636, 196.35879444699134, 197.90767866966425, 197.3018948318588, 197.49269113531912, 196.06864657293858, 197.8332910597743, 197.47238919564484, 195.73823424770617]"
29.0,ramp-up,Round-Robin,157,10,2451.6387858514486,2451.6387858514486,"[202.08277433457786, 201.76702064981478, 199.96115397178386, 201.05949377323142, 200.35181215126508, 200.72119935059277, 199.06993383277242, 201.2306142856401, 200.56770037209134, 198.93708583754096]"
29.25,ramp-up,Round-Robin,165,10,2542.771187602432,2542.771187602432,"[205.0547833945658, 204.95942398918132, 203.1320340568148, 204.57469132009524, 203.68691437889987, 204.38959146944416, 202.7543970903974, 204.7877072763854, 204.23729570127202, 202.04178053091306]"
29.5,ramp-up,Round-Robin,152,10,2634.4149152843706,2634.4149152843706,"[208.6184506243546, 208.20077593964123, 206.24504049643986, 207.79369758539207, 206.79721710897817, 207.147207619879, 205.96555546899586, 207.59355528925525, 207.41016840190014, 205.0179475743778]"
29.75,ramp-up,Round-Robin,151,10,2744.7246286885133,2744.7246286885133,"[211.6636289345024, 211.7398608557753, 209.431142495348, 211.02505014835629, 210.0605914724471, 210.1795626893174, 209.10774597975706, 210.35941624245166, 210.13606361192996, 208.23728555747175]"
0.0,ramp-up,Least-CPU,18,0,21.522286485766255,21.630546191021427,"[0.3830976636164507, 0.3385341632542607, 0.28327637972511105, 0.2551014702219783, 0.2497309601153435, 0.20961862625796948, 0.18174257137038127, 0.155060773213738, 0.16398705336109654, 0.13191461692510617]"
0.25,ramp-up,Least-CPU,11,0,19.90792228174696,19.90792228174696,"[0.4709275936022592, 0.43508774568147446, 0.38600130358741147, 0.3654184807112416, 0.38822512676507215, 0.3597921133492694, 0.3549011246954189, 0.3562813255282683, 0.3594566266514643, 0.34016005359986795]"
0.5,ramp-up,Least-CPU,6,0,0.0,0.0,"[0.5133392236278792, 0.4888917309427417, 0.4471788402424811, 0.44307399557224725, 0.4441107085110754, 0.43789110226715533, 0.4621404870660176, 0.4561455108513291, 0.4444280474739973, 0.4662569519455473]"
0.75,ramp-up,Least-CPU,14,0,21.88263576500763,21.919032810152128,"[0.6285845217188499, 0.6138828959046314, 0.6165537801234904, 0.6967462316502213, 0.6714651710602314, 0.7404562899487401, 0.6024163228937339, 0.6102814995424558, 0.6302105612549191, 0.6002546620912996]"
1.0,ramp-up,Least-CPU,17,0,20.476841223302355,20.581156821742844,"[0.8322649060858964, 0.8808346881930991, 0.8587855063447553, 0.8350985526375361, 0.8383373211858474, 0.876624975320645, 0.9378702732175583, 0.8607054451548752, 0.8109747983773197, 0.9516121306295868]"
1.25,ramp-up,Least-CPU,16,0,20.715907294829048,20.8027492709814,"[1.1458129158926587, 1.0480263375547119, 1.0691786543823951, 1.0949012861568315, 1.0656330548999216, 1.033719024787668, 1.0662262100193372, 1.0347122303494534, 1.1072305164782843, 1.072667395749387]"
1.5,ramp-up,Least-CPU,24,0,21.9945277514095,21.9945277514095,"[1.3180230510726365, 1.4616888342262542, 1.3384431362618359, 1.3385345053313173, 1.4436760257881283, 1.5050360852504858, 1.378893306681652, 1.4442336267996354, 1.3115266917395403, 1.3178928649148174]"
1.75,ramp-up,Least-CPU,23,0,20.906923365467847,21.34005733676835,"[1.7199401098368008, 1.6746069217557331, 1.6501296843725648, 1.623886182133619, 1.6829940161673314, 1.6910526350101818, 1.6687920007056278, 1.6499532056081512, 1.8066360664831913, 1.7603688183555453]"
2.0,ramp-up,Least-CPU,24,0,21.402270899291757,21.614993251950757,"[1.9377823421423797, 1.9647345191210603, 2.0052406336950734, 2.11220616516211, 1.9822571441748174, 1.9562136910524095, 2.0057683936763713, 2.076315602377577, 1.991375671052221, 1.9472775956201642]"
2.25,ramp-up,Least-CPU,13,0,21.83933167265939,21.931836604241145,"[2.1854206183488, 2.1692259645903755, 2.135855626971699, 2.2199374064033464, 2.1636920079297517, 2.184236051277199, 2.120562272263243, 2.1972518755785932, 2.1421953979205584, 2.158637223767915]"
2.5,ramp-up,Least-CPU,21,0,21.44367813329134,21.70967201830079,"[2.403080433025821, 2.40186575713985, 2.548734335065015, 2.3691870037700835, 2.4355756090658973, 2.386765559345669, 2.571444715450518, 2.362394600280893, 2.507798002019324, 2.494559410233673]"
2.75,ramp-up,Least-CPU,31,0,21.93506180609866,21.93506180609866,"[2.8432992310479692, 2.8759300821818643, 2.8305345319908106, 2.979063340671037, 2.8111169327718324, 2.8864151079352682, 2.799446337953835, 2.963066146419511, 2.8150077667426148, 2.8465328954904723]"
3.0,ramp-up,Least-CPU,16,0,21.80972399917642,21.809739206091326,"[3.0707758642290877, 3.0508806695173396, 3.0795426004722586, 3.098954887183415, 3.096621713732876, 3.045705710909885, 3.138012306660214, 3.1092441058032327, 3.0870983149764193, 3.0457116351809277]"
3.25,ramp-up,Least-CPU,27,0,21.742745639996613,21.76220701113891,"[3.4456142664657463, 3.5266341415118982, 3.4266836606267708, 3.346775776484126, 3.3555145860077955, 3.5782169406741104, 3.3438494575819893, 3.3184809387314247, 3.4015198623931338, 3.5077380613714273]"
3.5,ramp-up,Least-CPU,19,0,20.281439406490957,20.425201636083234,"[3.6483840495297986, 3.6947758754236424, 3.6562403476399745, 3.6760672147795748, 3.6060294963743513, 3.7292148993713945, 3.660466725856569, 3.671087489800949, 3.627868775581321, 3.676389391509934]"
3.75,ramp-up,Least-CPU,18,0,21.61267817214154,21.705612489116877,"[3.945338297094234, 3.861186068546395, 3.9050035829802283, 3.8500429996882914, 3.9568739062324862, 3.857446503299246, 3.9058382417345654, 3.8801450244548388, 3.9370442205867207, 3.847531425448965]"
4.0,ramp-up,Least-CPU,24,0,21.888639888854495,21.888639888854495,"[4.153198881276612, 4.244448382974466, 4.1752197668018365, 4.282263866122077, 4.149785977552453, 4.274659151227582, 4.1813589827018305, 4.217498143322718, 4.187981299662994, 4.347125114992336]"
4.25,ramp-up,Least-CPU,28,0,21.14735213807107,21.189731434867152,"[4.7055524547785, 4.5437419964620345, 4.667513632783086, 4.541813118801674, 4.6599621769063555, 4.55264339793475, 4.550995022854008, 4.525079163392345, 4.552707728415273, 4.555633226664058]"
4.5,ramp-up,Least-CPU,29,3,20.965814764911364,21.791236686125366,"[4.9368117301171806, 5.013116189674437, 4.941810235644451, 5.0468367112392745, 4.940998251082924, 4.918925033944883, 4.973250113994982, 5.080787201175419, 4.870927228943911, 4.850464206103907]"
4.75,ramp-up,Least-CPU,34,10,21.96075030616506,21.96075030616506,"[5.457387411328387, 5.349472124105415, 5.343108612616919, 5.323279429151668, 5.423237442978771, 5.471918156860993, 5.313212378864732, 5.35412134177023, 5.479265521214091, 5.535136037095988]"
5.0,ramp-up,Least-CPU,30,10,21.415403606079753,21.525524102772433,"[5.776222853700247, 5.7902786375265185, 5.829666288854499, 5.85359300638594, 5.806500837052194, 5.738734670355999, 5.952499685385146, 5.7427093970522405, 5.742483457928306, 5.748689081023629]"
5.25,ramp-up,Least-CPU,40,10,21.836089242108375,21.836089242108375,"[6.342374197636803, 6.232171371790971, 6.226163663048877, 6.210122975125469, 6.233105545294133, 6.576199264584247, 6.234173996690546, 6.396661149099235, 6.399395318337959, 6.368080440106529]"
5.5,ramp-up,Least-CPU,44,10,21.491470354621995,21.512630207571043,"[6.8494681607211465, 6.906776054398886, 7.0969917149868555, 7.1200602704647515, 6.896034036019557, 6.9420101542049535, 6.816988504168819, 6.851744095615007, 6.751399320541542, 6.84511953491153]"
5.75,ramp-up,Least-CPU,35,10,21.66088526547569,21.888391942451502,"[7.336503598612012, 7.276249200784166, 7.405554570331456, 7.401304830429377, 7.3008252250928045, 7.254158310860169, 7.499468402741499, 7.355333920136537, 7.424312835995097, 7.404345854765929]"
6.0,ramp-up,Least-CPU,37,10,21.652836689426685,21.876614189541502,"[7.896063095657035, 7.880441588960487, 7.780913575545291, 7.837296851371418, 7.904572700374018, 7.979669648233987, 7.793073125389984, 7.849883653651781, 7.7743201934849875, 7.81030385699404]"
6.25,ramp-up,Least-CPU,33,10,21.59023618333764,21.59023618333764,"[8.225503008193371, 8.233059794498185, 8.373640748279772, 8.264166027261053, 8.188372359346056, 8.22433326947317, 8.3043954589678, 8.247722273508726, 8.434575782080234, 8.300276841638963]"
6.5,ramp-up,Least-CPU,42,10,20.777997643053567,21.068584154756866,"[8.971898484317979, 8.840529269623211, 8.766684581936667, 8.719440122228926, 8.955603135849593, 8.939677042363732, 8.711097313541934, 8.747002839207518, 8.733763383251937, 8.766182359554]"
6.75,ramp-up,Least-CPU,51,10,21.747166155892188,21.747166155892188,"[9.33836082872069, 9.404902410694104, 9.413254901236382, 9.568514114973397, 9.364627097842614, 9.456446769475304, 9.819930726417095, 9.521386597170123, 9.570634474928163, 9.488368596473949]"
7.0,ramp-up,Least-CPU,35,10,21.99093887953504,21.99093887953504,"[10.035412141274229, 9.999381119368199, 9.967477076811253, 9.877840700756341, 9.980481020383504, 9.913332514707186, 10.071156953434278, 9.871336028682425, 9.862131281433339, 9.905153631696086]"
7.25,ramp-up,Least-CPU,45,10,21.676059211711667,21.701363027264946,"[10.398155866181787, 10.417396355726774, 10.49822902702372, 10.534867743284892, 10.504990841481472, 10.540826036407013, 10.410568869150975, 10.698639093828303, 10.687149658144284, 10.50090319371662]"
7.5,ramp-up,Least-CPU,39,10,21.859911973827362,21.88923134588102,"[11.160407145163811, 10.987297358689979, 11.062078398708183, 10.942611926504238, 10.949318752609921, 10.936227433364298, 11.071703359888868, 10.975874088838953, 11.020548462628888, 10.994501402554949]"
7.75,ramp-up,Least-CPU,51,10,21.326589281286278,21.496581303380232,"[11.526293586065576, 11.702520303103329, 11.569615413404728, 11.889988433412084, 11.746528706087874, 11.994380232942053, 11.538980084679928, 11.65951533219267, 11.516754296984729, 11.568824810676482]"
8.0,ramp-up,Least-CPU,40,10,21.891931158939517,21.891931158939517,"[12.302144540258539, 12.094280795291839, 12.117999125668206, 12.20371629826644, 12.146712978419476, 12.275251563744678, 12.167520258767324, 12.12476898105852, 12.390432811355149, 12.189771126411932]"
8.25,ramp-up,Least-CPU,46,10,21.90571723188892,21.952771405089464,"[12.69609533321539, 12.990745915062607, 13.00048381306593, 12.727492575666398, 12.821067386809919, 12.713939127408928, 12.720907419789103, 12.821802459831746, 12.751743692227665, 12.678965732688354]"
8.5,ramp-up,Least-CPU,45,10,21.143282462384022,21.155695178241672,"[13.48299992642387, 13.394336820534734, 13.362674827067949, 13.371477894492749, 13.340660761828937, 13.466721586445273, 13.406905539389362, 13.293940527302867, 13.296339421514954, 13.56456690780189]"
8.75,ramp-up,Least-CPU,53,10,21.553270992814117,21.553270992814117,"[13.96451999803471, 14.011469370983399, 14.060616501158584, 14.025663108895541, 14.205590752282948, 13.956524560637252, 13.97353979786603, 14.274841985717782, 14.186449123062099, 13.97194767463775]"
9.0,ramp-up,Least-CPU,61,10,21.6737932257396,21.6737932257396,"[15.07572460519673, 14.735659911923756, 14.691189077454291, 14.744759836660215, 14.75163181030512, 15.194674039754473, 14.85594028798197, 14.719567157428205, 14.722073812782687, 14.930478782268139]"
9.25,ramp-up,Least-CPU,51,10,21.423328138213837,21.68915268191599,"[15.475406521203222, 15.480593461890209, 15.649495922012587, 15.349598207238145, 15.407909775980785, 15.604593303649157, 15.36884237382057, 15.653309032102323, 15.504853878530419, 15.381578135620781]"
9.5,ramp-up,Least-CPU,51,10,21.942151225068862,21.942151225068862,"[16.194008853453983, 16.035282532700712, 16.128480379662903, 16.392789627798088, 16.166638351845286, 16.081190823637744, 16.335374345796023, 16.04360445212229, 16.02359374867853, 16.167122126001804]"
9.75,ramp-up,Least-CPU,52,10,21.07427324216413,21.153873565335026,"[16.675172240450042, 16.981560889446218, 16.780355893941334, 16.80615977866204, 16.833657196238786, 16.89485502117514, 16.78284508904915, 16.926641389085866, 17.150065143967925, 16.69369632435601]"
10.0,ramp-up,Least-CPU,56,10,21.677296295345265,21.844006529310775,"[17.77492776248302, 17.434555886812596, 17.75520996711464, 17.477865271386538, 17.51952726511854, 17.46080880111932, 17.533498846403987, 17.473508169541184, 17.586828960662196, 17.7598039936931]"
10.25,ramp-up,Least-CPU,53,10,21.864221941824752,21.864221941824752,"[18.18499744638394, 18.435003248772958, 18.249514702381454, 18.198544422700035, 18.18606007293262, 18.505848132165063, 18.15486837671195, 18.347877693275116, 18.125175744079396, 18.233677921094934]"
10.5,ramp-up,Least-CPU,56,10,21.088337680803342,21.088337680803342,"[19.0061540239937, 18.95743662418907, 18.824800553547746, 18.911312095808665, 18.94385386202962, 18.900833266564184, 19.263343099285457, 18.92368265158217, 19.250144636357238, 18.94987689931922]"
10.75,ramp-up,Least-CPU,60,10,21.601285575684525,21.601285575684525,"[19.61491052963465, 19.63671382471401, 19.959343568732983, 19.922048195538764, 19.73651398655217, 20.03065354119146, 19.715118498849947, 19.878724718384216, 19.811373822024017, 19.643019203263012]"
11.0,ramp-up,Least-CPU,72,10,21.932974123818227,21.940213650272653,"[21.05233844947662, 21.037740320082396, 20.576449158754382, 20.59789053423578, 20.657288420241766, 20.63214368567563, 20.684589718906473, 20.63376928977102, 20.698028730084047, 20.889606949650002]"
11.25,ramp-up,Least-CPU,69,10,21.065746213909073,21.065746213909073,"[21.59164481052742, 21.600735663202588, 22.009832206706005, 21.83695740028753, 21.511663585517358, 21.82995517638943, 21.523192704922515, 21.738141591317266, 21.448178392399917, 21.542941766647097]"
11.5,ramp-up,Least-CPU,77,10,21.93198875292657,21.948637926767045,"[22.66714952360554, 22.576511056376603, 22.573042916509415, 22.470271943981896, 22.774819501508766, 22.52317768564354, 22.745489101420393, 22.584987254713898, 23.098885583454596, 22.622633144867496]"
11.75,ramp-up,Least-CPU,71,10,21.92409559276676,21.92409559276676,"[23.39596204472094, 23.60711371476621, 23.79775166645836, 23.869266925953728, 23.3930709570313, 23.826608655672462, 23.48645264175215, 23.477721705428575, 23.60702318432755, 23.46962165896281]"
12.0,ramp-up,Least-CPU,60,10,21.831514379728816,21.831514379728816,"[24.461239637082777, 24.240664219225543, 24.371598635782277, 24.29278891368987, 24.487906116527533, 24.33492571983993, 24.243874922678422, 24.342529800685977, 24.34575337093091, 24.480124613246357]"
12.25,ramp-up,Least-CPU,74,10,21.174525168448962,21.174525168448962,"[25.187666591110077, 25.77209165031411, 25.10255650337522, 25.384974044905565, 25.055852873599108, 25.409522105368897, 25.594179915691154, 25.315831425573492, 25.149646349451196, 25.17404729660677]"
12.5,ramp-up,Least-CPU,71,10,21.69992690325531,21.69992690325531,"[26.09048072270356, 26.282056489951245, 26.422262354464934, 26.17206342805699, 26.491272537273144, 26.10836848260858, 26.142667793921753, 26.21751463274017, 26.354809993110408, 26.113022422142024]"
12.75,ramp-up,Least-CPU,66,10,21.087504705646506,21.087504705646506,"[27.38941623213464, 27.0100191067468, 27.039250266446164, 27.004314421778233, 27.046964165861418, 27.400541097983506, 27.0307267638353, 26.97635903414379, 26.997922095192823, 27.15900894394465]"
13.0,ramp-up,Least-CPU,70,10,21.66691283870712,21.66691283870712,"[28.03509373457123, 27.99095180052132, 27.92771481065641, 28.236975690466306, 27.851422368414838, 27.985370208558894, 27.936388933771195, 28.317258721174657, 28.13846539412282, 27.83647976825058]"
13.25,ramp-up,Least-CPU,74,10,21.798673815726684,21.798673815726684,"[28.785562268693266, 28.85752605611855, 29.215159013031492, 28.824372468085084, 29.086996564109064, 29.048364625684346, 29.044550413808516, 28.89150875241232, 28.78284834497697, 29.44026831387394]"
13.5,ramp-up,Least-CPU,69,10,21.827889875983843,21.827889875983843,"[29.992029644454195, 29.77395125579565, 29.754741629799476, 30.012694520731465, 29.690522659126074, 29.74036450446533, 29.88749634266673, 29.854968830641134, 30.06904421704953, 29.928545514979714]"
13.75,ramp-up,Least-CPU,78,10,21.77829920845302,21.77829920845302,"[30.723976312310803, 30.8835645946557, 31.021094191054715, 30.73206019192462, 31.124912943411672, 31.11021066437354, 30.74798412915351, 30.864064383909998, 30.698687172613756, 30.69687558853744]"
14.0,ramp-up,Least-CPU,81,10,21.904327154337615,21.904327154337615,"[31.91607011296195, 31.65839553112211, 31.786465080271064, 31.85839529789358, 31.74476763043841, 31.87167184405553, 31.786518142628683, 31.9040814373369, 32.22316046904171, 32.16223391081281]"
14.25,ramp-up,Least-CPU,81,10,21.872832518248554,21.872832518248554,"[32.71410801849081, 33.35787559487073, 33.19666267368294, 32.984538000845056, 33.27755762857823, 32.746581216407435, 32.959466024979534, 32.83692623159899, 32.856913539975054, 32.90724811565772]"
14.5,ramp-up,Least-CPU,77,10,21.760113423792205,21.83217237177475,"[34.26549791925674, 33.965196220098385, 33.905217555571994, 33.82920069885611, 33.978516239724115, 34.136669414353335, 33.783276013045715, 34.20394824586364, 33.99259043028341, 34.01306128561111]"
14.75,ramp-up,Least-CPU,88,10,21.413594857962217,21.413594857962217,"[34.93846110614528, 35.35645152944867, 35.47434482297112, 35.27416350328946, 35.08307720232848, 34.95628135926645, 35.52461710090752, 34.901372802208016, 35.01485800848067, 34.939803678249675]"
15.0,ramp-up,Least-CPU,91,10,21.859335858992274,21.859335858992274,"[36.647860567133904, 36.264487957508074, 36.22385691133142, 36.17868999394172, 36.11746637876342, 36.34991145214871, 36.184812038982365, 36.674474061414315, 36.11307442359056, 36.355955092838215]"
15.25,ramp-up,Least-CPU,93,10,21.500603235890267,21.500603235890267,"[37.45335576989458, 37.284900871941694, 37.47837889464144, 37.790834178778056, 37.95723892999051, 37.42793745766953, 37.56916137721642, 37.443743329584684, 38.11760333679339, 37.30116143900344]"
15.5,ramp-up,Least-CPU,85,10,20.984803321248826,20.984803321248826,"[38.584082370784266, 39.05108147180555, 38.50590829044608, 38.53583159060992, 38.61104294869307, 38.860178711391185, 38.50148043036405, 38.69756005320596, 38.76467625578196, 38.778345504816215]"
15.75,ramp-up,Least-CPU,86,10,21.91579466896056,21.95314630695291,"[39.81097142585422, 39.66275742875479, 39.96028886167495, 40.04395201819678, 39.794109766222796, 39.66508576970589, 40.1396368238944, 39.62916906706143, 39.67143614634815, 39.567380075132995]"
16.0,ramp-up,Least-CPU,91,10,21.851169511172852,21.851169511172852,"[40.84569215273363, 41.05091264509299, 40.78643810193008, 40.77127876661882, 40.80803564431956, 41.09401070092289, 40.79522848951711, 41.26226806753832, 40.88784363727847, 41.38517727503363]"
16.25,ramp-up,Least-CPU,82,10,20.8298287912653,20.8298287912653,"[41.8477597039701, 41.94548964032207, 42.27814472056624, 42.45375586201511, 41.99086287735598, 41.94813880708098, 42.03912078195747, 41.95364744202826, 41.838607701636064, 41.955183357902015]"
16.5,ramp-up,Least-CPU,102,10,21.76923547520645,21.76923547520645,"[43.70370324109988, 43.69290410425535, 43.065524254729404, 43.286737624558874, 43.014715801862735, 43.55325802300604, 43.07912715472859, 43.296980919935024, 43.73687389862976, 43.22084868985948]"
16.75,ramp-up,Least-CPU,103,10,21.921447728000327,21.921447728000327,"[44.65861916541301, 44.67083384038434, 44.98949472726892, 44.6106705372399, 45.12310455644411, 44.593116551915614, 44.619272449962594, 44.40076724193015, 44.60376562231339, 44.67673684901198]"
17.0,ramp-up,Least-CPU,99,10,21.26231291480519,21.26231291480519,"[45.741441182274336, 45.81891443562013, 45.86129264854881, 45.98904105223844, 45.84270768265079, 46.468910746810565, 45.8035712548259, 46.2158548823493, 46.193237417496825, 45.5677572504704]"
17.25,ramp-up,Least-CPU,93,10,21.731042484502506,21.731042484502506,"[47.27963201043016, 47.120651397306894, 47.042210506340346, 47.03971617667015, 47.058435000631775, 47.18969373558283, 47.308973722410386, 47.04964417389439, 47.018160424799426, 47.54525887290456]"
17.5,ramp-up,Least-CPU,101,10,21.944168116997147,21.944168116997147,"[48.33610150728068, 48.4288725309219, 48.835481816718115, 49.00413408329401, 48.27542784347714, 48.1804835247658, 48.1564095312836, 48.53126703950035, 49.04909117382168, 48.28510205074686]"
17.75,ramp-up,Least-CPU,104,10,21.87665537082865,21.87665537082865,"[49.733818950229775, 49.76689840392951, 49.90315488080943, 49.92502828718806, 49.93022821901955, 50.04123764977205, 50.4587583114899, 49.638293666409155, 49.83403838315222, 49.755788657804246]"
18.0,ramp-up,Least-CPU,107,10,21.762094663267632,21.762094663267632,"[51.75652015680411, 51.35470548879149, 51.26133109609036, 50.96395430467177, 50.942941843968725, 51.025196828578764, 51.355967275504725, 51.57913716364415, 51.350497043844285, 51.34612135271733]"
18.25,ramp-up,Least-CPU,102,10,20.753242448256106,21.655313852476482,"[52.51595912560147, 52.393466421199584, 52.7797469125148, 52.729670154680626, 53.04640367435097, 52.729515653518604, 52.285037418706374, 52.4229158291929, 52.46294349652332, 52.61045974978115]"
18.5,ramp-up,Least-CPU,92,10,21.75890044611276,21.75890044611276,"[53.73305622234721, 54.00811607160912, 53.50222864192678, 53.65049144846918, 53.704501664698135, 53.77262621906331, 54.0931102016857, 53.8139639224897, 53.85938083132055, 53.62202370159301]"
18.75,ramp-up,Least-CPU,94,10,21.77819103442572,21.874612777642568,"[55.00413509271649, 54.76803606098834, 55.32821222186319, 55.2810546834307, 55.12048212064643, 54.97934173117789, 54.822469710154635, 54.83592073897379, 54.725881252415675, 55.159690923291095]"
19.0,ramp-up,Least-CPU,103,10,21.713154471680348,21.713154471680348,"[56.25665499514595, 56.4464989773636, 56.083354329515814, 56.20373781139147, 56.31767577528145, 56.32123559270757, 56.515752823581714, 56.28246452527248, 56.66754557496949, 56.076164534626706]"
19.25,ramp-up,Least-CPU,109,10,21.80448302830485,21.80448302830485,"[57.98867813282376, 57.3828323829803, 57.88212965285201, 58.104168804144294, 57.59494329632489, 57.593173520964996, 57.412525500420244, 57.847518742723665, 57.53794742334201, 58.416968822703055]"
19.5,ramp-up,Least-CPU,112,10,21.22532562378715,21.22532562378715,"[59.095576429467876, 59.51711521638836, 59.0397816333216, 59.07341746746721, 59.01307487931206, 59.21931572504523, 59.517098125747104, 59.066394203131196, 59.325368055181585, 59.2033573286369]"
19.75,ramp-up,Least-CPU,117,10,21.563094036662605,21.563094036662605,"[60.5202427259347, 60.32811268967978, 61.02864704757847, 60.64590949475181, 61.339474752183335, 60.350139936325675, 60.509885869482915, 60.83608956286719, 60.483017530302384, 60.60747266528595]"
20.0,ramp-up,Least-CPU,118,10,21.872414330952672,21.872414330952672,"[62.12589042420535, 62.69402606871702, 61.99138226818273, 61.7976387950615, 62.15711933612172, 62.62772134366558, 62.37927353872629, 61.88516439205097, 62.584002061160675, 61.868837054652204]"
20.25,ramp-up,Least-CPU,104,10,21.72571937916393,21.754982182728536,"[63.61576904594099, 63.490334899531284, 63.64909003903736, 64.02992990126334, 63.3136592966649, 63.5685830971576, 63.47849560444221, 63.59524690707472, 63.637778485221624, 63.647320749169424]"
20.5,ramp-up,Least-CPU,121,10,21.698395209141395,21.698395209141395,"[65.0005311939071, 65.48863580943402, 64.63724782084715, 65.04356657946019, 65.82642788365037, 65.3206330228468, 65.79833362255587, 65.24966698564575, 64.95402645370586, 64.81341147849056]"
20.75,ramp-up,Least-CPU,117,10,21.83024028810928,21.83024028810928,"[66.5817789183447, 66.65659835767241, 67.08441251858783, 66.67253256278373, 66.76626944382517, 66.64218144732662, 66.76209980574355, 66.49362850353961, 66.9901081684961, 66.77833348954864]"
21.0,ramp-up,Least-CPU,121,10,21.988546404847874,21.988546404847874,"[68.65566157116183, 68.25992706523886, 68.07584088997817, 68.15911332028026, 68.10803754689584, 68.43482809617444, 68.30361686027163, 68.76217503014341, 67.96568111913639, 67.8559244102762]"
21.25,ramp-up,Least-CPU,107,10,37.30340371009839,37.30340371009839,"[69.52445577839521, 69.48778989389403, 69.68107097248809, 69.5901912556943, 69.69195707102006, 69.49013457363905, 69.46940941869832, 69.62483129800222, 70.06770791990834, 69.86701499571919]"
21.5,ramp-up,Least-CPU,110,10,40.045115424328166,40.045115424328166,"[71.1577490003106, 71.5803827531852, 70.7297069474709, 70.9790297017912, 70.65246467605358, 71.41303109551318, 71.7076249492244, 70.95297544690062, 70.84507383179542, 70.8005047688851]"
21.75,ramp-up,Least-CPU,117,10,38.7081444731543,38.902406078908626,"[72.43440510056188, 72.56942740159406, 72.98696085523403, 72.28809088829692, 72.90238764074283, 72.46051052168454, 72.57245275606978, 72.45520129243202, 72.72291199243583, 72.70894255379154]"
22.0,ramp-up,Least-CPU,123,10,40.84916069336442,40.84916069336442,"[74.72220871661236, 74.18374639441092, 73.89913531591121, 74.56986024944203, 73.98249683420778, 74.1429745392539, 73.8928923894335, 74.649406240254, 73.88872654238733, 74.06906761132085]"
22.25,ramp-up,Least-CPU,130,10,41.856002398271336,41.856002398271336,"[75.72042485846035, 75.64796483139715, 76.01993923580318, 75.76717713505421, 75.8410785427289, 75.52086096528234, 76.39423089132967, 75.82429755891619, 76.2990490599987, 75.79199637967436]"
22.5,ramp-up,Least-CPU,127,10,41.87234403276218,41.87234403276218,"[77.76306806747016, 77.75535100416435, 77.32258629608337, 77.80125710974049, 77.06417242309647, 77.8617769621851, 77.27108776579794, 77.17593243273957, 77.27789955264818, 77.57517672043859]"
22.75,ramp-up,Least-CPU,118,10,42.584330236538655,42.584330236538655,"[78.94707379934732, 79.06923050539157, 78.7296475806884, 78.85928547153343, 79.38116228142734, 78.69249678582602, 79.21704866779757, 79.17632120028146, 78.95929456981422, 78.93771782913107]"
23.0,ramp-up,Least-CPU,135,10,43.496974831213926,43.496974831213926,"[80.60553400471156, 80.52022552782987, 81.04929099496593, 81.17080279232383, 80.4178179409733, 81.49364365215142, 80.3136616724677, 80.56087485581455, 80.6049934057478, 80.97104166923525]"
23.25,ramp-up,Least-CPU,122,10,44.490259663832894,44.490259663832894,"[82.17800793346137, 82.41075752464262, 82.1697774156533, 82.27157444202763, 82.71539222073744, 82.33936746156822, 82.68996143947221, 82.33341806034842, 82.32686197033556, 82.17345545149833]"
23.5,ramp-up,Least-CPU,127,10,46.50842127142715,46.50842127142715,"[84.06122490242737, 83.64095542322067, 84.53142783173266, 84.21221743563913, 83.74418315075188, 83.62314291652064, 83.69412491749613, 83.83013326009694, 83.94604524400268, 84.32567635085667]"
23.75,ramp-up,Least-CPU,121,10,47.09248884969426,47.590394195048525,"[85.33945589578832, 85.6855397593179, 85.51293259231836, 85.4336132661864, 85.43352326236783, 85.92542890388027, 85.54285323934528, 85.3825101548763, 85.31663864406674, 85.33472749797663]"
24.0,ramp-up,Least-CPU,133,10,52.69326024760157,52.69326024760157,"[87.53691987627897, 86.74965365139717, 86.95001672950546, 87.15807317680017, 87.2045397998048, 87.01934369047966, 86.71758191131907, 87.31965230285145, 87.99720387519612, 87.85170785864918]"
24.25,ramp-up,Least-CPU,123,10,54.452216937060406,54.452216937060406,"[88.5714384779165, 89.04360305612448, 88.85186884524359, 88.90473817748092, 88.51613533891344, 88.99686208058942, 89.33241207297459, 88.62013447305166, 88.86678654233022, 88.85828066360347]"
24.5,ramp-up,Least-CPU,126,10,59.61702936051513,59.61702936051513,"[90.93635642285766, 90.02471540938123, 90.79866937107178, 90.20409887799298, 90.93571696763978, 90.10171344436748, 90.19076272541363, 90.5400372411584, 90.33315061600639, 90.61365555949818]"
24.75,ramp-up,Least-CPU,125,10,66.27778857765381,66.27778857765381,"[91.80601723506463, 92.78116287073692, 91.85392659564836, 91.92556072998657, 91.91925477818549, 92.35036009418839, 92.29675973187165, 91.8770261814399, 91.82470726156706, 91.84136507287363]"
25.0,ramp-up,Least-CPU,141,10,77.4813305432371,77.4813305432371,"[94.92998579949426, 93.70655229409729, 93.81829739056208, 93.28924271798718, 93.56586174058889, 93.57491368932388, 93.60857154148592, 93.75688923636143, 94.5264813512415, 94.39211264431378]"
25.25,ramp-up,Least-CPU,142,10,83.02130373537902,84.49133004810268,"[95.88072945671858, 95.49712978672095, 95.3497304388268, 96.26476365827708, 96.02367798028989, 95.8965094219273, 95.57684579526656, 95.45353829601642, 95.54746809670704, 95.47914178111215]"
25.5,ramp-up,Least-CPU,144,10,93.30751901364758,93.30751901364758,"[97.32612470586103, 97.49403561581354, 98.64120654492697, 97.1310577108242, 97.22921107674664, 97.10256024780813, 97.1311052957874, 98.17414718989696, 97.56185994829237, 97.78080201472001]"
25.75,ramp-up,Least-CPU,138,10,107.78286543769634,107.78286543769634,"[99.34633254610385, 99.13404705668442, 99.18993598960071, 99.70247055465914, 99.54699178250243, 100.13721221449624, 99.58651298615426, 99.07608594192904, 98.84811200424258, 98.90126355148772]"
26.0,ramp-up,Least-CPU,136,10,130.97182758553555,130.97182758553555,"[100.52687322515857, 101.20928399555801, 100.74098858274478, 100.17310839481216, 100.24995766355178, 100.13721221449624, 100.26998038929123, 101.92501947920107, 103.32901638153636, 102.63139733646577]"
26.25,ramp-up,Least-CPU,146,10,148.40613574060325,148.40613574060325,"[103.57606006709294, 103.8583310314407, 103.89727211061701, 102.93649226419289, 103.11341130698787, 103.16457064703658, 103.17919678806398, 105.08640281451225, 106.02674646308736, 105.48527765375067]"
26.5,ramp-up,Least-CPU,140,10,171.0977421891464,171.0977421891464,"[106.20268010251898, 106.38456070232364, 106.93556277017166, 105.74968540543941, 105.94788043220868, 106.13369252837789, 105.72081537187432, 107.82206824391925, 108.57346530099132, 108.23242315818513]"
26.75,ramp-up,Least-CPU,138,10,199.07862491165616,199.07862491165616,"[108.97511464863413, 109.10257361685868, 109.84725344829778, 108.46565387926846, 108.49027485734295, 109.0658130591931, 108.70952336980646, 110.67773840554112, 111.08268263206996, 111.05996137886056]"
27.0,ramp-up,Least-CPU,148,10,225.5114487853515,225.5114487853515,"[111.76158343882747, 111.91682912130311, 113.07027095865854, 111.27229989478089, 111.26433116619837, 111.8687076551952, 111.9154380277135, 113.74758425773852, 114.21938325681737, 114.03748709635484]"
27.25,ramp-up,Least-CPU,144,10,248.53212145730114,248.53212145730114,"[114.78030617677315, 114.8656756957048, 115.73294609046906, 114.23997451880174, 114.00199834525316, 114.72514128587706, 114.78764834338627, 116.8546428998299, 117.20425560903372, 116.66711033886568]"
27.5,ramp-up,Least-CPU,143,10,297.7166386400603,297.7166386400603,"[117.53036697333548, 117.90990805577918, 118.84225456041301, 117.02952332215115, 116.80867524501116, 117.53014615899271, 117.54865759423467, 119.5602131241122, 120.3315570168937, 119.51267848424617]"
27.75,ramp-up,Least-CPU,140,10,330.75005349992966,330.75005349992966,"[120.14475173810065, 120.58676956295115, 121.78539840993609, 119.61048175024426, 119.45356702216453, 120.43761787505147, 120.48578244475263, 122.30355503944135, 123.11968220276522, 122.33768012592469]"
28.0,ramp-up,Least-CPU,145,10,382.879839576346,382.879839576346,"[123.26175584664976, 123.48442374199215, 124.78989790347951, 122.47136061876937, 122.1332317569327, 123.14715211177122, 123.29171333687667, 125.32843374747381, 125.73394600020124, 125.32589073337937]"
28.25,ramp-up,Least-CPU,143,10,436.85474833454083,436.85474833454083,"[126.08910474663993, 126.17320286762727, 127.90921575832702, 125.06132909650604, 125.2350298304642, 125.93199215576726, 126.41080422191118, 128.2658137399842, 128.83559289074466, 128.46580566517756]"
28.5,ramp-up,Least-CPU,158,10,471.3560779676512,471.3560779676512,"[129.41246505302885, 129.34255681540853, 131.35675483571913, 128.21679489788633, 128.4341620265774, 129.3741280021579, 129.69266291639028, 131.54489771636815, 132.1759645500647, 131.61970686465403]"
28.75,ramp-up,Least-CPU,143,10,523.0817083605037,523.0817083605037,"[132.19837652976682, 132.2293584452971, 134.45180600119903, 131.36183317793052, 131.30524287522888, 132.45550459502968, 132.6004832887502, 134.2612099296463, 135.20499791260494, 134.40483147061883]"
29.0,ramp-up,Least-CPU,157,10,575.3897131868189,575.3897131868189,"[135.65126652875375, 135.53541908381715, 137.7372079412877, 134.20788444058272, 134.58974746554003, 135.4137061942954, 135.6836886761834, 137.48302460200856, 138.2374496312858, 137.6007699422958]"
29.25,ramp-up,Least-CPU,165,10,639.350893967961,639.350893967961,"[138.98271911858032, 139.03721336781442, 140.89359990104182, 137.74651325169003, 137.98589843321702, 138.54878475936752, 138.90983604247924, 140.84848781280678, 141.24197311983374, 140.97527854584163]"
29.5,ramp-up,Least-CPU,152,10,718.4412356584496,718.4412356584496,"[142.2640440462469, 142.19027580375356, 143.882183385465, 140.64700030272527, 140.9393279276667, 141.8721659900339, 142.22973266697772, 144.1573152449406, 144.1655245450251, 143.87094644196978]"
29.75,ramp-up,Least-CPU,151,10,757.132488881119,757.132488881119,"[145.22315743989213, 145.0018325518386, 146.98543405155297, 143.84703422963736, 143.81932122858043, 145.03223465051542, 145.24948467972214, 147.41705921735385, 147.2945567295648, 147.01461322020486]"
0.0,ramp-up,CILB,18,1,19.491330885691884,19.491330885691884,"[0, 0, 0, 0, 0, 0, 0, 0, 0, 7.40571782728944]"
0.25,ramp-up,CILB,11,1,21.09581154498466,21.09581154498466,"[0, 0, 0, 0, 0, 0, 0, 0, 0, 11.946397710756315]"
0.5,ramp-up,CILB,6,1,19.47411031414367,19.47411031414367,"[0, 0, 0, 0, 0, 0, 0, 0, 0, 14.461422826263165]"
0.75,ramp-up,CILB,14,1,19.54909923529029,19.54909923529029,"[0, 0, 0, 0, 0, 0, 0, 0, 0, 19.991574740750647]"
1.0,ramp-up,CILB,17,1,20.76137356165953,20.76137356165953,"[0, 0, 0, 0, 0, 0, 0, 0, 0, 27.06824830623719]"
1.25,ramp-up,CILB,16,1,21.06766370660257,21.06766370660257,"[0, 0, 0, 0, 0, 0, 0, 0, 0, 33.78486987067489]"
1.5,ramp-up,CILB,24,1,18.561810798549555,18.561810798549555,"[0, 0, 0, 0, 0, 0, 0, 0, 0, 43.24736514487057]"
1.75,ramp-up,CILB,23,1,19.654254555628526,19.654254555628526,"[0, 0, 0, 0, 0, 0, 0, 0, 0, 52.492997569559954]"
2.0,ramp-up,CILB,24,1,19.003777677716286,19.003777677716286,"[0, 0, 0, 0, 0, 0, 0, 0, 0, 61.616357372254704]"
2.25,ramp-up,CILB,13,2,21.026033155605433,21.026033155605433,"[0, 0, 0, 0, 0, 0, 0, 0, 5.12113124069162, 61.616357372254704]"
2.5,ramp-up,CILB,21,2,21.864456315330912,21.864456315330912,"[0, 0, 0, 0, 0, 0, 0, 0, 13.729875218566715, 61.616357372254704]"
2.75,ramp-up,CILB,31,2,21.126652173973852,21.126652173973852,"[0, 0, 0, 0, 0, 0, 0, 0, 26.460335724711683, 61.616357372254704]"
3.0,ramp-up,CILB,16,2,19.487251633087745,19.487251633087745,"[0, 0, 0, 0, 0, 0, 0, 0, 33.1743695503761, 61.616357372254704]"
3.25,ramp-up,CILB,27,2,20.818698657602095,20.818698657602095,"[0, 0, 0, 0, 0, 0, 0, 0, 43.82199938158663, 61.616357372254704]"
3.5,ramp-up,CILB,19,2,18.258542910271093,18.258542910271093,"[0, 0, 0, 0, 0, 0, 0, 0, 51.20489831482257, 61.616357372254704]"
3.75,ramp-up,CILB,18,2,19.418436305161066,19.418436305161066,"[0, 0, 0, 0, 0, 0, 0, 0, 58.65027941428331, 61.616357372254704]"
4.0,ramp-up,CILB,24,2,21.426211335425187,21.426211335425187,"[0, 0, 0, 0, 0, 0, 0, 0, 68.06174802881567, 61.616357372254704]"
4.25,ramp-up,CILB,28,3,19.649129982507333,19.649129982507333,"[0, 0, 0, 0, 0, 0, 0, 10.781043091982475, 68.06174802881567, 61.616357372254704]"
4.5,ramp-up,CILB,29,3,20.618171915008354,20.618171915008354,"[0, 0, 0, 0, 0, 0, 0, 22.033513344746098, 68.06174802881567, 61.616357372254704]"
4.75,ramp-up,CILB,34,3,18.41505794522944,18.41505794522944,"[0, 0, 0, 0, 0, 0, 0, 35.29533856819937, 68.06174802881567, 61.616357372254704]"
5.0,ramp-up,CILB,30,3,18.42194205650529,18.42194205650529,"[0, 0, 0, 0, 0, 0, 0, 47.50011866572088, 68.06174802881567, 61.616357372254704]"
5.25,ramp-up,CILB,40,3,21.81737165992856,21.81737165992856,"[0, 0, 0, 0, 0, 0, 0, 63.63882332369642, 68.06174802881567, 61.616357372254704]"
5.5,ramp-up,CILB,44,4,19.58058106589825,19.58058106589825,"[0, 0, 0, 0, 0, 0, 18.399028572889122, 63.63882332369642, 68.06174802881567, 61.616357372254704]"
5.75,ramp-up,CILB,35,4,18.780563169891522,18.780563169891522,"[0, 0, 0, 0, 0, 0, 32.64567652759701, 63.63882332369642, 68.06174802881567, 61.616357372254704]"
6.0,ramp-up,CILB,37,4,19.703657383802664,19.703657383802664,"[0, 0, 0, 0, 0, 0, 47.79696887642324, 63.63882332369642, 68.06174802881567, 61.616357372254704]"
6.25,ramp-up,CILB,33,4,20.91664475864802,20.91664475864802,"[0, 0, 0, 0, 0, 0, 60.38694431801807, 63.63882332369642, 68.06174802881567, 61.616357372254704]"
6.5,ramp-up,CILB,42,5,19.948316952126586,19.948316952126586,"[0, 0, 0, 0, 0, 17.624262841393175, 60.38694431801807, 63.63882332369642, 68.06174802881567, 61.616357372254704]"
6.75,ramp-up,CILB,51,5,20.267007890857172,20.267007890857172,"[0, 0, 0, 0, 0, 37.1511776359475, 60.38694431801807, 63.63882332369642, 68.06174802881567, 61.616357372254704]"
7.0,ramp-up,CILB,35,5,18.906019437376877,18.906019437376877,"[0, 0, 0, 0, 0, 50.99998054141974, 60.38694431801807, 63.63882332369642, 68.06174802881567, 61.616357372254704]"
7.25,ramp-up,CILB,45,5,20.999797135274548,20.999797135274548,"[0, 0, 0, 0, 0, 68.36911345515549, 60.38694431801807, 63.63882332369642, 68.06174802881567, 61.616357372254704]"
7.5,ramp-up,CILB,39,6,19.32201221546658,19.32201221546658,"[0, 0, 0, 0, 15.660256496515935, 68.36911345515549, 60.38694431801807, 63.63882332369642, 68.06174802881567, 61.616357372254704]"
7.75,ramp-up,CILB,51,6,21.85780228276455,21.85780228276455,"[0, 0, 0, 0, 35.77474547063961, 68.36911345515549, 60.38694431801807, 63.63882332369642, 68.06174802881567, 61.616357372254704]"
8.0,ramp-up,CILB,40,6,19.190487185272396,19.190487185272396,"[0, 0, 0, 0, 51.351676332680604, 68.36911345515549, 60.38694431801807, 63.63882332369642, 68.06174802881567, 61.616357372254704]"
8.25,ramp-up,CILB,46,6,39.55404334603635,39.55404334603635,"[0, 0, 0, 0, 70.56224607216319, 68.36911345515549, 60.38694431801807, 63.63882332369642, 68.06174802881567, 61.616357372254704]"
8.5,ramp-up,CILB,45,7,20.3959348300841,20.3959348300841,"[0, 0, 0, 17.4054771272514, 70.56224607216319, 68.36911345515549, 60.38694431801807, 63.63882332369642, 68.06174802881567, 61.616357372254704]"
8.75,ramp-up,CILB,53,7,20.414461658808634,20.414461658808634,"[0, 0, 0, 37.607729765222636, 70.56224607216319, 68.36911345515549, 60.38694431801807, 63.63882332369642, 68.06174802881567, 61.616357372254704]"
9.0,ramp-up,CILB,61,7,19.698779684756754,19.698779684756754,"[0, 0, 0, 61.24903635349666, 70.56224607216319, 68.36911345515549, 60.38694431801807, 63.63882332369642, 68.06174802881567, 61.616357372254704]"
9.25,ramp-up,CILB,51,8,21.29176134708533,21.29176134708533,"[0, 0, 21.25859358935606, 61.24903635349666, 70.56224607216319, 68.36911345515549, 60.38694431801807, 63.63882332369642, 68.06174802881567, 61.616357372254704]"
9.5,ramp-up,CILB,51,8,21.03358656565757,21.03358656565757,"[0, 0, 42.16496470047897, 61.24903635349666, 70.56224607216319, 68.36911345515549, 60.38694431801807, 63.63882332369642, 68.06174802881567, 61.616357372254704]"
9.75,ramp-up,CILB,52,8,20.288778742985528,20.288778742985528,"[0, 0, 62.90714150518391, 61.24903635349666, 70.56224607216319, 68.36911345515549, 60.38694431801807, 63.63882332369642, 68.06174802881567, 61.616357372254704]"
10.0,ramp-up,CILB,56,9,20.81532790946296,20.81532790946296,"[0, 21.953225952882406, 62.90714150518391, 61.24903635349666, 70.56224607216319, 68.36911345515549, 60.38694431801807, 63.63882332369642, 68.06174802881567, 61.616357372254704]"
10.25,ramp-up,CILB,53,9,20.356342966050466,20.356342966050466,"[0, 42.464704489629256, 62.90714150518391, 61.24903635349666, 70.56224607216319, 68.36911345515549, 60.38694431801807, 63.63882332369642, 68.06174802881567, 61.616357372254704]"
10.5,ramp-up,CILB,56,9,19.95792678237018,19.95792678237018,"[0, 63.926181008858435, 62.90714150518391, 61.24903635349666, 70.56224607216319, 68.36911345515549, 60.38694431801807, 63.63882332369642, 68.06174802881567, 61.616357372254704]"
10.75,ramp-up,CILB,60,10,20.31023183030864,20.31023183030864,"[23.889797660741603, 63.926181008858435, 62.90714150518391, 61.24903635349666, 70.56224607216319, 68.36911345515549, 60.38694431801807, 63.63882332369642, 68.06174802881567, 61.616357372254704]"
11.0,ramp-up,CILB,72,10,18.345437885498633,18.345437885498633,"[53.6646998908968, 63.926181008858435, 62.90714150518391, 61.24903635349666, 70.56224607216319, 68.36911345515549, 60.38694431801807, 63.63882332369642, 68.06174802881567, 61.616357372254704]"
11.25,ramp-up,CILB,69,10,43.74894848636509,43.74894848636509,"[81.62101522795638, 63.926181008858435, 62.90714150518391, 61.24903635349666, 70.56224607216319, 68.36911345515549, 60.38694431801807, 63.63882332369642, 68.06174802881567, 61.616357372254704]"
11.5,ramp-up,CILB,77,10,44.090993970448906,44.090993970448906,"[83.264093786351, 65.33046940274251, 64.48560801445224, 62.76816572689387, 72.05736145683296, 69.82378232386513, 61.823517023652045, 65.08693072098818, 69.51528797506926, 63.20400463681691]"
11.75,ramp-up,CILB,71,10,40.855183452839164,40.855183452839164,"[84.54618452963064, 66.66994986816701, 65.95665624761062, 64.30620920096031, 73.43917407243823, 71.33516876460908, 63.134362075055, 66.39873634260105, 71.04716485248676, 64.6641921134695]"
12.0,ramp-up,CILB,60,10,47.39836613603422,47.39836613603422,"[85.6329633049324, 67.93072887712749, 67.12904779861327, 65.5458439032727, 74.70316925696325, 72.58090655436548, 64.2924505074274, 67.71330390369123, 72.14128764379053, 65.82273290071531]"
12.25,ramp-up,CILB,74,10,51.89339645933253,51.89339645933253,"[86.9890335738338, 69.42014934117094, 68.66648915606362, 66.93296976321331, 76.07248181921892, 73.9506391991809, 65.64762534154292, 69.23471948453138, 73.68390002576025, 67.36056083583325]"
12.5,ramp-up,CILB,71,10,50.22379977027894,50.22379977027894,"[88.47143813023933, 70.82665560544987, 70.14486479237597, 68.25312132898175, 77.47432270350443, 75.27335429159659, 66.94783862846086, 70.5645437701016, 75.04608157078523, 68.89010347360664]"
12.75,ramp-up,CILB,66,10,50.77749792094329,50.77749792094329,"[89.76491352542689, 72.17594081499091, 71.42541894155886, 69.57349082783699, 78.73683006908539, 76.49964793201906, 68.16306131323577, 71.88019585947681, 76.39529204451881, 70.29026592521447]"
13.0,ramp-up,CILB,70,10,54.46932928326911,54.46932928326911,"[91.30131219652395, 73.60148434376151, 72.73607412297642, 71.06338356771474, 80.13747001259928, 77.85464165934162, 69.67852012393197, 73.18647769528026, 77.83502069001783, 71.77171853496185]"
13.25,ramp-up,CILB,74,10,70.97288239902578,70.97288239902578,"[92.8294826170583, 75.09849133356238, 74.32616670295546, 72.54479346495219, 81.52984980490379, 79.22055317785242, 71.17016789559328, 74.55406542551435, 79.3164206533538, 73.26979066680477]"
13.5,ramp-up,CILB,69,10,75.88364184746027,75.88364184746027,"[94.29600108879443, 76.43972451571537, 75.8297153240489, 73.92812918502995, 82.97148167572927, 80.57818007279998, 72.64313113234621, 75.97104669421286, 80.5694203855146, 74.53002133589645]"
13.75,ramp-up,CILB,78,10,76.06001928206825,76.06001928206825,"[95.80997875921423, 77.87597995448958, 77.42428547454502, 75.53112685783697, 84.65522494727553, 82.21853697732168, 74.19821542627399, 77.56135637460298, 82.28507897258616, 76.11254904234183]"
14.0,ramp-up,CILB,81,10,91.96311249307632,91.96311249307632,"[97.44715721820228, 79.33816311074962, 79.12464469540066, 77.06725191751849, 86.37567228547317, 83.69990172747187, 75.97620219985535, 79.18912608139262, 83.7847404799312, 77.77213369993274]"
14.25,ramp-up,CILB,81,10,99.40036375644034,99.40036375644034,"[98.91039667080557, 81.11094967684396, 80.61668009335324, 78.75323980529339, 87.88068683935599, 85.1676065362542, 77.5544015512792, 80.84035117524311, 85.51659028581432, 79.34359545023193]"
14.5,ramp-up,CILB,77,10,103.56851114801657,103.56851114801657,"[100.41400907023926, 82.53689644689683, 82.06645902196446, 80.4263595805642, 89.39191855280212, 86.6671421814932, 79.22501760026499, 82.47424783540612, 87.01629874847046, 80.74639691042296]"
14.75,ramp-up,CILB,88,10,122.61628986407196,122.61628986407196,"[102.0749067064509, 84.14993423681818, 83.81730699027575, 82.0632249764801, 91.18848409551536, 88.28621543313426, 81.10066401754838, 84.13278826233659, 88.83116506007562, 82.39084040897049]"
15.0,ramp-up,CILB,91,10,134.8895960224973,134.8895960224973,"[103.96109930377676, 85.94070483354253, 85.72891534941655, 84.03160313289185, 92.88772980579154, 90.26202085550158, 83.07670734653922, 86.10333901711171, 90.52503667339482, 84.29015770319403]"
15.25,ramp-up,CILB,93,10,147.08258325092058,147.08258325092058,"[105.64105243791323, 87.67758171889322, 87.51490478683884, 86.07570644705896, 94.79137730169602, 92.19334072386553, 84.79465703724722, 87.79260809134672, 92.30732568107709, 86.2162784661435]"
15.5,ramp-up,CILB,85,10,143.68531847346,143.68531847346,"[107.26210338880239, 89.39926100260568, 89.12025682765243, 87.6285579718338, 96.57892050329345, 93.92080401361821, 86.50492116406754, 89.61536743994034, 93.84832299334393, 87.78140173308313]"
15.75,ramp-up,CILB,86,10,172.70414752350246,172.70414752350246,"[108.84289157381579, 91.18756860660162, 90.7544906584307, 89.40812160004432, 98.27578678034693, 95.56533747033991, 88.07333694399755, 91.48216096445597, 95.52084597211204, 89.4349605272097]"
16.0,ramp-up,CILB,91,10,174.55991793613697,174.55991793613697,"[110.70859513359008, 92.8864555123159, 92.47121206567363, 91.21927077092722, 100.15634704135867, 97.2988171889235, 89.72821020086081, 93.44389196490833, 97.2025522784191, 91.31181907155465]"
16.25,ramp-up,CILB,82,10,203.8754947096753,203.8754947096753,"[112.30757566745024, 94.3894992288506, 94.10542586824383, 92.8287927161751, 101.86623715306439, 98.93308360820686, 91.35748937718301, 95.05366192430283, 98.73645033406216, 92.94806439402316]"
16.5,ramp-up,CILB,102,10,226.732303512473,226.732303512473,"[114.30369704499121, 96.54821704381861, 96.34083135812783, 94.71727922843085, 103.95176541411317, 100.81487193690093, 93.45984382931131, 96.98553987278137, 100.72839682296025, 95.00826684785211]"
16.75,ramp-up,CILB,103,10,225.63233697040624,225.63233697040624,"[116.26764580205243, 98.68719209602568, 98.4136124995603, 96.68406367940749, 106.07501622571917, 102.77262721728448, 95.44832541003017, 99.03505026903238, 102.6652451115607, 97.24842547621255]"
17.0,ramp-up,CILB,99,10,285.0964326472466,285.0964326472466,"[118.24703831697632, 100.63033549394558, 100.34014282255005, 98.67118324534327, 108.14576673966074, 104.73516815571244, 97.29230515457535, 100.97848121349034, 104.66930163172172, 99.37547640027513]"
17.25,ramp-up,CILB,93,10,301.6041503745138,301.6041503745138,"[119.93573295888893, 102.63718528187289, 102.22968078136925, 100.34574307017851, 110.0591052366976, 106.55719998760215, 99.11260719686047, 102.87591196898336, 106.52261934440226, 101.29317872666526]"
17.5,ramp-up,CILB,101,10,309.4968656284316,309.4968656284316,"[122.03973288092075, 104.54043322056042, 104.24352943157322, 102.21428065868702, 112.01739724421343, 108.62840640140274, 100.96834090060858, 104.77419560497175, 108.70437604448297, 103.20001501722837]"
17.75,ramp-up,CILB,104,10,328.35953224490174,328.35953224490174,"[124.04948594662375, 106.53861797502209, 106.35235395615618, 104.17117808230569, 114.30476947545769, 110.70116312435515, 102.95199426028498, 106.93934497832826, 110.9637428726025, 105.21065955859933]"
18.0,ramp-up,CILB,107,10,331.3415157699675,331.3415157699675,"[126.04393289338333, 108.75502535805045, 108.29927884019563, 106.15803245125423, 116.26759361285748, 112.75777208930693, 104.95803973490858, 109.27548207867349, 113.03305734526913, 107.1825167698255]"
18.25,ramp-up,CILB,102,10,359.919880119624,359.919880119624,"[127.94059960434625, 110.84904753141574, 110.29875062239203, 108.06369221057767, 118.11980435403859, 114.71162141307569, 106.95986612014828, 111.23153056449824, 114.97995195899809, 109.20002269127313]"
18.5,ramp-up,CILB,92,10,421.11100589599977,421.11100589599977,"[129.70297285059456, 112.60070120986157, 112.1961640073506, 109.95143636180225, 120.01775263501929, 116.56980247686165, 108.81880109206989, 113.23562604491205, 116.69111629044845, 111.10051875917975]"
18.75,ramp-up,CILB,94,10,407.29578797098793,407.29578797098793,"[131.4161898375623, 114.413717702364, 113.93949773597748, 111.71621373526918, 121.92432723522415, 118.49144637479048, 110.56852233302082, 114.9602282893368, 118.54347886073141, 112.85140888290348]"
19.0,ramp-up,CILB,103,10,485.62619537298485,485.62619537298485,"[133.28637340322615, 116.46158131097857, 116.07096819273471, 113.84609416305709, 123.91384068596382, 120.5454162138772, 112.82831717335429, 117.12007694045677, 120.52089399884156, 114.76368247455422]"
19.25,ramp-up,CILB,109,10,518.6169369793445,518.6169369793445,"[135.3720326640204, 118.6512773271778, 118.07806647737871, 115.94410213421358, 126.09486045735004, 122.5734261825121, 114.9816852875646, 119.19143081883455, 122.89084767062474, 117.08622477103987]"
19.5,ramp-up,CILB,112,10,565.1525068648091,565.1525068648091,"[137.581906713834, 120.89469165070413, 120.38856237148414, 118.20570203269361, 128.5493978094208, 124.73950344169369, 117.36810614217194, 121.60575824010428, 124.98413004653192, 119.27194167046441]"
19.75,ramp-up,CILB,117,10,629.2052368299641,629.2052368299641,"[139.87421670303593, 123.25463504751397, 122.7811119266328, 120.4047691391024, 130.7256697128593, 127.173100319716, 119.91195632630702, 123.99547572005629, 127.11457872732596, 121.65910656006987]"
20.0,ramp-up,CILB,118,10,569.8999285705582,569.8999285705582,"[142.37600718766717, 125.8341036872578, 125.22209001995867, 122.57617380711004, 133.09386887729124, 129.66631143691316, 122.39293576274994, 126.34069161034022, 129.25162478539218, 123.92472930902804]"
20.25,ramp-up,CILB,104,10,609.7393889220666,609.7393889220666,"[144.29384331532765, 127.81106343091547, 127.28398325371246, 124.69702207607376, 134.99105183054573, 131.63877143191732, 124.45993406583806, 128.3917517574608, 131.32007471565308, 126.0784491102985]"
20.5,ramp-up,CILB,121,10,767.2763999453176,767.2763999453176,"[146.61731108029596, 130.35584720615978, 129.51080657345503, 126.9825260409599, 137.5263018670491, 133.8793192370802, 127.02014575686279, 130.90751033708787, 133.6274344874711, 128.66357616487107]"
20.75,ramp-up,CILB,117,10,679.2144378318512,679.2144378318512,"[148.9447665574647, 132.835787276728, 131.7553429056683, 129.37293276659324, 139.66773744979582, 136.28345864621141, 129.19344784796047, 133.1444788318078, 135.88342293964962, 131.10212730337676]"
21.0,ramp-up,CILB,121,10,745.7173139855079,745.7173139855079,"[151.49413307600815, 135.17748867813225, 134.27461656057193, 131.61217411636525, 142.29584183390364, 138.80836850402574, 131.44384787419514, 135.55333002466048, 138.1857656845842, 133.72306911334695]"
21.25,ramp-up,CILB,107,10,810.9519492505647,810.9519492505647,"[153.68610444432727, 137.32429431552987, 136.36253833768092, 133.6977776191772, 144.46129369734967, 141.12452569182608, 133.77372593217152, 137.65995440819742, 140.49560439972592, 135.8825879603472]"
21.5,ramp-up,CILB,110,10,973.0130273971812,973.0130273971812,"[155.7667702852252, 139.54692502553527, 138.65222055841204, 135.87159763417006, 146.61122549877882, 143.40937005115862, 136.0045714691371, 139.86138560489175, 142.57713076336063, 137.98124572559325]"
21.75,ramp-up,CILB,117,10,1035.147695760953,1035.147695760953,"[158.03633461189844, 141.91177034085348, 141.178053297215, 138.26996804276664, 149.12838196132947, 145.70795938970392, 138.54075016151614, 142.35424545743248, 144.83305084515092, 140.3596756134827]"
22.0,ramp-up,CILB,123,10,1035.073141439524,1035.073141439524,"[160.4929679900774, 144.42181976309897, 143.7293217325298, 140.65438841538702, 151.57948222854088, 147.94210488622298, 141.22228637950806, 144.9863256603796, 147.2701819218326, 142.81676963488385]"
22.25,ramp-up,CILB,130,10,996.2760769813359,996.2760769813359,"[163.27373595944943, 146.90504792327363, 146.40456087278037, 143.3384764867513, 154.12786483636998, 150.45017182053343, 143.98198017267092, 147.36956023337234, 149.6938004821231, 145.33229192951757]"
22.5,ramp-up,CILB,127,10,1234.6807336349018,1234.6807336349018,"[166.01402475096683, 149.232179312455, 149.00022014475593, 145.8939933126573, 156.75471357345836, 153.08360669985055, 146.76376731466164, 150.1020775635235, 152.40942411568076, 147.79277803888328]"
22.75,ramp-up,CILB,118,10,1272.5860654749529,1272.5860654749529,"[168.29242376795548, 151.51565953232262, 151.299721178452, 148.05218085524808, 159.30179982829972, 155.6205840460601, 149.14374248442573, 152.23653641286054, 154.78980120275432, 150.35603478147345]"
23.0,ramp-up,CILB,135,10,1341.295121860175,1341.295121860175,"[171.24010972852147, 154.42861321638537, 153.7322511579493, 150.4954825696087, 162.20409841778306, 158.23339514743913, 151.73771132500548, 154.79246418756378, 157.5946043095655, 152.95438780846823]"
23.25,ramp-up,CILB,122,10,1349.3107106392586,1349.3107106392586,"[173.86185983389882, 156.62648590444186, 156.0263726278438, 153.1487831693044, 164.64924994269364, 160.60008471754776, 154.2256749862926, 157.23925484657892, 159.86359136950028, 155.63758005128224]"
23.5,ramp-up,CILB,127,10,1332.097883689717,1332.097883689717,"[176.36374605059393, 158.93749560278712, 158.31693889365562, 155.76555915992836, 167.13366234278044, 163.35834646319734, 157.0106423698749, 159.88368739206936, 162.28992363003061, 158.26420234320963]"
23.75,ramp-up,CILB,121,10,1541.2013377560531,1541.2013377560531,"[178.76163189200753, 161.22157556995273, 160.7517801292682, 157.98213245082218, 169.66157943679795, 165.85307206721916, 159.25393933802016, 162.53793419446168, 164.71716632085148, 160.51843570398358]"
24.0,ramp-up,CILB,133,10,1543.4801025836045,1543.4801025836045,"[181.48054361801402, 163.94861803563518, 163.2234454533616, 160.61696520530123, 172.195959161015, 168.37760887617245, 161.695722778069, 165.11297910085344, 167.359802094781, 163.22035279964248]"
24.25,ramp-up,CILB,123,10,1631.7765593637996,1631.7765593637996,"[183.7213848390212, 166.2969124572723, 165.86762361349258, 163.21400107446033, 174.43351706223666, 170.7174327771874, 164.18430902624823, 167.66034009729063, 169.71781273697474, 165.53925284133325]"
24.5,ramp-up,CILB,126,10,1771.201577667513,1771.201577667513,"[186.3330870321884, 169.02063149108287, 168.46732007809874, 165.9701981722567, 176.80032468115718, 173.3297493181198, 166.5420145801288, 170.15026701806048, 172.09460789496282, 168.2505397671628]"
24.75,ramp-up,CILB,125,10,1838.5051794108733,1838.5051794108733,"[188.72373714711853, 171.48883345525925, 171.04897292032962, 168.34833768337222, 179.07230019482142, 175.6576032493787, 168.88403760086314, 172.85284354367846, 174.65439425477445, 170.99892625346124]"
25.0,ramp-up,CILB,141,10,1949.3926543530445,1949.3926543530445,"[191.6710246071286, 174.44037360179743, 173.73840397306327, 170.96230847422157, 181.69811208728686, 178.3321011395866, 171.92002349573008, 175.91974136858556, 177.23500145744023, 173.898147789391]"
25.25,ramp-up,CILB,142,10,2098.778600546291,2098.778600546291,"[194.46184355929765, 177.1993372068892, 176.44965892414947, 173.79225840229225, 184.547441946921, 181.10429683667112, 174.58747896684804, 179.00407382106187, 179.8621288326255, 176.79337591610314]"
25.5,ramp-up,CILB,144,10,1908.8967481674072,1908.8967481674072,"[197.15163003680766, 180.19932604527693, 179.2646494280008, 176.95058307700998, 187.4267498092559, 184.21225260200072, 177.54715113506956, 181.75727620205834, 182.72512943459952, 179.91451555443683]"
25.75,ramp-up,CILB,138,10,2007.1941246720783,2007.1941246720783,"[199.7757588080369, 182.95947049019955, 182.01371530767378, 179.98449374709472, 190.24853392753798, 186.85182926789062, 180.28311328870575, 184.70389943352995, 185.3974988659535, 182.49758512230798]"
26.0,ramp-up,CILB,136,10,2165.07335098836,2165.07335098836,"[202.691048067451, 185.95056346922598, 184.63383864773783, 182.73872648468165, 193.21108453006644, 189.69162905951316, 182.92376219949136, 187.20650784455881, 188.17999478247663, 185.00660409232134]"
26.25,ramp-up,CILB,146,10,2271.546889476618,2271.546889476618,"[205.6748466476794, 188.8111089497399, 187.4613197386122, 185.6666141055433, 196.21973718582396, 192.52126804131478, 185.61841942065166, 190.07825836948774, 191.06061017832295, 187.8765996999464]"
26.5,ramp-up,CILB,140,10,2643.3915600958762,2643.3915600958762,"[208.73751672035442, 191.79696336114458, 190.05649211058616, 188.24857837943313, 198.80534108349764, 195.56867429780277, 188.19157095765, 192.88075246884839, 193.62800482069946, 190.5451643785974]"
26.75,ramp-up,CILB,138,10,2489.7238067359685,2489.7238067359685,"[211.3797750118662, 194.52564149236963, 192.60714479893159, 190.7941300532892, 201.73664442048516, 198.32909535693588, 190.91946507555244, 195.63148721935465, 196.31073854480957, 193.40704419349862]"
27.0,ramp-up,CILB,148,10,2904.2600471361843,2904.2600471361843,"[214.6028667227833, 197.27284526398793, 195.3805321396152, 193.53292774205025, 204.82771984433435, 201.56758205999463, 193.89519073889437, 198.86622679032882, 199.54318094490046, 196.48265445112128]"
27.25,ramp-up,CILB,144,10,2886.993954243479,2886.993954243479,"[217.22655561713876, 200.3609742954847, 198.27839071600758, 196.52430556231204, 207.60186368328118, 204.30703518633695, 196.57814532490428, 202.02637410747383, 202.5480243704869, 199.1421190354879]"
27.5,ramp-up,CILB,143,10,2807.148869960205,2807.148869960205,"[220.31816985167336, 203.41781012823094, 201.10071554556205, 199.57415985259334, 210.478992411031, 207.19385468638168, 199.51913684287774, 205.01021308867254, 205.22289938006233, 201.80414086124352]"
27.75,ramp-up,CILB,140,10,2798.5267262410525,2798.5267262410525,"[222.92873240690702, 206.17882101882654, 203.9200884307178, 202.37061609428082, 213.04589017660595, 209.8166181430014, 202.19448954441364, 207.91949705811177, 207.74384918511882, 204.51105034055828]"
28.0,ramp-up,CILB,145,10,3030.294834793465,3030.294834793465,"[225.95841672850983, 208.89432309950257, 206.76638043949535, 205.31862822933454, 215.6784355347103, 212.60224554573418, 205.25732743363832, 210.56174448580376, 210.79337909657747, 207.28522085174683]"
28.25,ramp-up,CILB,143,10,3135.0247388059543,3135.0247388059543,"[228.84440440626008, 211.55142591469914, 209.41296272058807, 208.0951259758687, 218.81576826035752, 215.4248714741829, 208.05874419366583, 213.14761873638042, 213.5925816621192, 210.3556330856435]"
28.5,ramp-up,CILB,158,10,3269.246879057436,3269.246879057436,"[231.9937104598008, 214.53979515850892, 212.36575084152352, 211.4613640111864, 221.79861522053338, 218.77249639822804, 211.48529775466454, 216.03193021044038, 217.01600267507197, 213.39372549729214]"
28.75,ramp-up,CILB,143,10,3764.3380738445358,3764.3380738445358,"[234.69771958529697, 217.26339128261617, 215.08779392057778, 214.15997633653572, 224.9260814991392, 221.62862496376343, 214.11891018073595, 218.87448048065687, 219.70282424757676, 216.10820361069878]"
29.0,ramp-up,CILB,157,10,4088.435306420352,4088.435306420352,"[237.5770946693078, 220.66511953457203, 218.5327676483703, 217.58730180780998, 228.0143135342051, 224.65586098649192, 217.54393559755567, 222.00615924839303, 222.97721163618493, 219.01047389636685]"
29.25,ramp-up,CILB,165,10,4043.420106418239,4043.420106418239,"[241.03985127303363, 223.78298051793055, 221.6499004482864, 221.0795964759781, 231.09698253960116, 227.9207615727958, 220.8406033032419, 225.62075613745765, 226.04297444626383, 222.28520194658262]"
29.5,ramp-up,CILB,152,10,4004.4764941732446,4004.4764941732446,"[243.9180169969458, 226.92886116309833, 224.73571237688998, 223.874923758126, 234.31686464365507, 230.77800831648688, 223.80343169615878, 228.80761877008044, 229.120343413053, 225.47619617955152]"
29.75,ramp-up,CILB,151,10,4018.0948555646387,4018.0948555646387,"[247.15523264730274, 230.02548233808508, 227.48269620566666, 226.6667469499175, 237.06796622170435, 233.570432302657, 226.5537908537387, 231.70084528029562, 232.43423181407732, 228.4670562070601]"
